prescription,sigma,nBH_over_n0,T_nuc_MeV
LCN,100.0,0.1,96.75091136356396
LCN,100.0,0.13979930511686672,91.45007000733925
LCN,100.0,0.17959867340492736,86.94639123612055
LCN,100.0,0.21939797852179407,83.06136344615653
LCN,100.0,0.25919734680985473,79.6773121946441
LCN,100.0,0.2989966519267214,76.7102948690754
LCN,100.0,0.33879595704358817,74.09614914049327
LCN,100.0,0.3785953253316488,71.78345174853213
LCN,100.0,0.4183946304485155,69.7296008207418
LCN,100.0,0.4581939987365761,67.89863689567682
LCN,100.0,0.49799330385344287,66.25983408244059
LCN,100.0,0.5377926721415035,64.78693685177853
LCN,100.0,0.5775919772583702,63.457467316453844
LCN,100.0,0.6173912823752369,62.25213609366958
LCN,100.0,0.6571907770056854,61.15448885240019
LCN,100.0,0.6969898926089704,60.15041710769564
LCN,100.0,0.7367890082122552,59.227793737980306
LCN,100.0,0.7765887555274795,58.37634473027264
LCN,100.0,0.8163878711307644,57.5871086435929
LCN,100.0,0.8561869867340492,56.852433213082726
LCN,100.0,0.8959867340492736,56.16575338204014
LCN,100.0,0.9357858496525585,55.52131584888177
LCN,100.0,0.9755855969677827,54.914191190065274
LCN,100.0,1.0153847125710675,54.34009464326157
LCN,100.0,1.0551838281743526,53.795268545199434
LCN,100.0,1.0949835754895767,53.27648642191717
LCN,100.0,1.1347826910928616,52.78100209762597
LCN,100.0,1.1745818066961466,52.30633095217643
LCN,100.0,1.214381554011371,51.85031958814101
LCN,100.0,1.2541806696146558,51.41115848239795
LCN,100.0,1.2939797852179407,50.98727501221324
LCN,100.0,1.333779532533165,50.57725915528248
LCN,100.0,1.3735786481364498,50.17992048365625
LCN,100.0,1.413377763739735,49.794237625470444
LCN,100.0,1.453177511054959,49.419248760649026
LCN,100.0,1.4929766266582438,49.05426620392349
LCN,100.0,1.532775742261529,48.69857945448884
LCN,100.0,1.5725754895767532,48.35163495045982
LCN,100.0,1.6123746051800378,48.012853781980134
LCN,100.0,1.652173720783323,47.681904143352995
LCN,100.0,1.6919734680985472,47.35832411524112
LCN,100.0,1.7317725837018318,47.04184881292922
LCN,100.0,1.771571699305117,46.73220768731457
LCN,100.0,1.8113714466203412,46.42908461467065
LCN,100.0,1.8511705622236259,46.13231586669583
LCN,100.0,1.890969677826911,45.84164818736826
LCN,100.0,1.9307694251421352,45.556970354612766
LCN,100.0,1.9705685407454203,45.27804911781629
LCN,100.0,2.010367656348705,45.00484003741813
LCN,100.0,2.050167403663929,44.73710862070682
LCN,100.0,2.089966519267214,44.47480901516779
LCN,100.0,2.129765634870499,44.21771611022846
LCN,100.0,2.169565382185723,43.965802433718245
LCN,100.0,2.209364497789008,43.71887116013378
LCN,100.0,2.249163613392293,43.476832691017634
LCN,100.0,2.2889633607075175,43.23964129383666
LCN,100.0,2.328762476310802,43.00698859507593
LCN,100.0,2.368561591914087,42.77886189856248
LCN,100.0,2.4083613392293115,42.555619429289706
LCN,100.0,2.448160454832596,42.336010184104175
LCN,100.0,2.4879595704358817,42.12098241732929
LCN,100.0,2.5277593177511055,41.91011833579068
LCN,100.0,2.56755843335439,41.702814000850005
LCN,100.0,2.6073575489576757,41.499443831721806
LCN,100.0,2.6471572962728995,41.29945678762738
LCN,100.0,2.686956411876184,41.10297657897407
LCN,100.0,2.726756159191409,40.909861492681216
LCN,100.0,2.7665552747946935,40.72020283373142
LCN,100.0,2.8063543903979786,40.53307162171428
LCN,100.0,2.846154137713203,40.349344331416404
LCN,100.0,2.8859532533164876,40.16762127787146
LCN,100.0,2.9257523689197726,39.98904685531515
LCN,100.0,2.965552116234997,39.81245236134307
LCN,100.0,3.0053512318382816,39.63808596615575
LCN,100.0,3.0451503474415667,39.46562023635635
LCN,100.0,3.084950094756791,39.295248857413185
LCN,100.0,3.124749210360076,39.12663240835093
LCN,100.0,3.1645483259633607,38.95943065041833
LCN,100.0,3.204348073278585,38.7933336879064
LCN,100.0,3.2441471888818696,38.62835556554166
LCN,100.0,3.283946304485155,38.46474553417851
LCN,100.0,3.323746051800379,38.301711234317445
LCN,100.0,3.3635451674036636,38.13920436554434
LCN,100.0,3.403344283006949,37.97728260770689
LCN,100.0,3.443144030322173,37.815441999858464
LCN,100.0,3.4829431459254576,37.653718773335186
LCN,100.0,3.522742261528743,37.49193651423608
LCN,100.0,3.562542008843967,37.33017392321224
LCN,100.0,3.6023411244472525,37.16784357683553
LCN,100.0,3.642140240050537,37.005185679262695
LCN,100.0,3.681939987365761,36.84147890388908
LCN,100.0,3.7217391029690465,36.67676286949859
LCN,100.0,3.761538218572331,36.511316505032504
LCN,100.0,3.801337965887555,36.34477673259495
LCN,100.0,3.8411370814908405,36.17643681565906
LCN,100.0,3.880936197094125,36.00689616432885
LCN,100.0,3.92073594440935,35.83558944814573
LCN,100.0,3.9605350600126346,35.662830272876164
LCN,100.0,4.00033417561592,35.4876890788252
LCN,100.0,4.040133922931144,35.310569075009354
LCN,100.0,4.079933038534429,35.131610891073755
LCN,100.0,4.119732154137713,34.95056638301016
LCN,100.0,4.1595319014529375,34.766548872962275
LCN,100.0,4.199331017056222,34.580702490645436
LCN,100.0,4.239130132659508,34.39186796910662
LCN,100.0,4.278929879974732,34.20017263914171
LCN,100.0,4.318728995578017,34.00587825546505
LCN,100.0,4.358528742893241,33.80906977563259
LCN,100.0,4.3983278584965255,33.609071400812866
LCN,100.0,4.43812697409981,33.40602324230464
LCN,100.0,4.477926721415035,33.20027633053621
LCN,100.0,4.51772583701832,32.991399407180324
LCN,100.0,4.557524952621605,32.779101186224565
LCN,100.0,4.597324699936829,32.56325230989275
LCN,100.0,4.6371238155401135,32.34519711568143
LCN,100.0,4.676922931143398,32.123317430565024
LCN,100.0,4.716722678458623,31.897987694795514
LCN,100.0,4.756521794061908,31.669360283833907
LCN,100.0,4.796320909665193,31.437804354073982
LCN,100.0,4.836120656980417,31.2026981042023
LCN,100.0,4.875919772583702,30.964226878477458
LCN,100.0,4.915718888186986,30.722507730375636
LCN,100.0,4.955518635502211,30.47719659151911
LCN,100.0,4.995317751105496,30.229099175202055
LCN,100.0,5.035116866708781,29.977255553602067
LCN,100.0,5.074916614024005,29.722058339400817
LCN,100.0,5.11471572962729,29.46346608610893
LCN,100.0,5.154514845230575,29.201753048006157
LCN,100.0,5.194314592545799,28.936815141146663
LCN,100.0,5.234113708149084,28.66883993646534
LCN,100.0,5.273912823752369,28.397318893194786
LCN,100.0,5.313712571067593,28.12251998726785
LCN,100.0,5.353511686670878,27.845043930820736
LCN,100.0,5.393310802274163,27.563961056062965
LCN,100.0,5.433110549589387,27.280095377686894
LCN,100.0,5.472909665192672,26.992845125149763
LCN,100.0,5.512708780795958,26.70278675158287
LCN,100.0,5.552508528111181,26.409493995973826
LCN,100.0,5.592307643714466,26.113071663998472
LCN,100.0,5.632106759317751,25.81358048529894
LCN,100.0,5.6719065066329755,25.511475200384506
LCN,100.0,5.711705622236261,25.206635422529782
LCN,100.0,5.751504737839546,24.898463678525
LCN,100.0,5.791304485154769,24.587711678355575
LCN,100.0,5.831103600758055,24.273453423503113
LCN,100.0,5.870902716361339,23.957034230079802
LCN,100.0,5.9107024636765635,23.63786934207662
LCN,100.0,5.950501579279849,23.31583421219794
LCN,100.0,5.990300694883134,22.991338820446796
LCN,100.0,6.030100442198358,22.664891026415273
LCN,100.0,6.069899557801643,22.33552364529206
LCN,100.0,6.109699305116867,22.004378392549366
LCN,100.0,6.149498420720152,21.67008204597043
LCN,100.0,6.189297536323437,21.334436364567907
LCN,100.0,6.22909728363866,20.996345159755673
LCN,100.0,6.268896399241946,20.657280662650734
LCN,100.0,6.308695514845231,20.316724442544377
LCN,100.0,6.348496525584333,19.97524632289957
LCN,100.0,6.3882943777637395,19.632199809453883
LCN,100.0,6.428092229943147,19.28737497017898
LCN,100.0,6.467890082122553,18.942000787670477
LCN,100.0,6.507694251421352,18.596324266177106
LCN,100.0,6.547492103600758,18.251176648216152
LCN,100.0,6.587289955780164,17.906419641688036
LCN,100.0,6.62708780795957,17.562670779009622
LCN,100.0,6.666891977258371,17.218853595725033
LCN,100.0,6.706689829437776,16.874978727532238
LCN,100.0,6.746487681617182,16.53205776289797
LCN,100.0,6.786285533796589,16.19013149483062
LCN,100.0,6.826089703095389,15.850645242292265
LCN,100.0,6.865887555274795,15.513301000436709
LCN,100.0,6.905685407454201,15.180068098383519
LCN,100.0,6.9454832596336065,14.850444668423899
LCN,100.0,6.985287428932407,14.52302859328682
LCN,100.0,7.025085281111814,14.195765184707309
LCN,100.0,7.064883133291219,13.869159185662111
LCN,100.0,7.104680985470625,13.545533446804631
LCN,100.0,7.1444788376500314,13.227588092529759
LCN,100.0,7.1842830069488315,12.916929138522628
LCN,100.0,7.224080859128238,12.612756718300544
LCN,100.0,7.263878711307644,12.315424846481424
LCN,100.0,7.30367656348705,12.023273000933438
LCN,100.0,7.34348073278585,11.734640211406912
LCN,100.0,7.3832785849652565,11.448182851315448
LCN,100.0,7.423076437144663,11.16341669330254
LCN,100.0,7.462874289324068,10.881659186108951
LCN,100.0,7.502678458622867,10.605195169307349
LCN,100.0,7.542476310802275,10.336839189707243
LCN,100.0,7.5822741629816806,10.080325362825166
LCN,100.0,7.622072015161087,9.837925458458258
LCN,100.0,7.661869867340493,9.607812636495915
LCN,100.0,7.701674036639292,9.3765358985611
LCN,100.0,7.741471888818699,9.14434024738086
LCN,100.0,7.7812697409981055,8.910179318888405
LCN,100.0,7.821067593177512,8.673341718204119
LCN,100.0,7.860871762476311,8.434000545674825
LCN,100.0,7.900669614655716,8.193614021245942
LCN,100.0,7.940467466835124,7.954205660290686
LCN,100.0,7.98026531901453,7.720118384121368
LCN,100.0,8.020069488313329,7.498871045785737
LCN,100.0,8.059867340492735,7.292860327000414
LCN,100.0,8.099665192672141,7.100574244233887
LCN,100.0,8.13946304485155,6.919347986902768
LCN,100.0,8.179267214150348,6.746062478514153
LCN,100.0,8.219065066329753,6.577306106690138
LCN,100.0,8.258862918509159,6.409908037592613
LCN,100.0,8.298660770688565,6.239995579344324
LCN,100.0,8.338458622867973,6.063364630316459
LCN,100.0,8.378262792166772,5.874020558476673
LCN,100.0,8.418060644346179,5.668512675150689
LCN,100.0,8.457858496525585,5.450749740191487
LCN,100.0,8.49765634870499,5.232565587790404
LCN,100.0,8.53746051800379,5.027554279506067
LCN,100.0,8.577258370183197,4.844301677149244
LCN,100.0,8.617056222362603,4.6851323791817
LCN,100.0,8.656854074542009,4.548561515955153
LCN,100.0,8.696658243840808,4.449646776879753
LCN,100.0,8.736456096020214,4.3659281599192274
LCN,100.0,8.77625394819962,4.285238535094329
LCN,100.0,8.816051800379027,4.206621212410062
LCN,100.0,8.855855969677828,4.12930751089318
LCN,100.0,8.895653821857234,4.052599269118673
LCN,100.0,8.93545167403664,3.9758304055446594
LCN,100.0,8.975249526216045,3.898303196425526
LCN,100.0,9.015047378395451,3.819080783023552
LCN,100.0,9.054851547694252,3.7373258641620124
LCN,100.0,9.094649399873658,3.652317731786332
LCN,100.0,9.134447252053064,3.5633256123176578
LCN,100.0,9.17424510423247,3.4700237800793707
LCN,100.0,9.21404927353127,3.372297153655548
LCN,100.0,9.253847125710676,3.2702652558817498
LCN,100.0,9.293644977890082,3.1645303774859643
LCN,100.0,9.333442830069488,3.0562758960128216
LCN,100.0,9.373246999368288,2.9470566546353125
LCN,100.0,9.413044851547696,2.838969682587741
LCN,100.0,9.452842703727102,2.734321338102104
LCN,100.0,9.492640555906506,2.6341203291803867
LCN,100.0,9.532438408085913,2.539843606506452
LCN,100.0,9.572242577384712,2.452220921270553
LCN,100.0,9.61204042956412,2.3716715587897554
LCN,100.0,9.651838281743526,2.2982095785506633
LCN,100.0,9.691636133922932,2.2314120262405526
LCN,100.0,9.731440303221731,2.1708624009156283
LCN,100.0,9.771238155401138,2.11601707008224
LCN,100.0,9.811036007580544,2.066249662815169
LCN,100.0,9.85083385975995,2.0211782228796857
LCN,100.0,9.89063802905875,1.9803131933908773
LCN,100.0,9.930435881238155,1.943101320711829
LCN,100.0,9.970233733417562,1.9090401942323643
LCN,100.0,10.010031585596968,1.8777220390366274
LCN,100.0,10.049835754895767,1.8488130958266993
LCN,100.0,10.089633607075173,1.8220215738867875
LCN,100.0,10.12943145925458,1.7971394550704298
LCN,100.0,10.169229311433986,1.7739606551268774
GCN,100.0,0.1,96.74205751754816
GCN,100.0,0.13979930511686672,91.39675905962325
GCN,100.0,0.17959867340492736,86.78495106708095
GCN,100.0,0.21939797852179407,82.70558794521925
GCN,100.0,0.25919734680985473,79.02895075849953
GCN,100.0,0.2989966519267214,75.67075614743537
GCN,100.0,0.33879595704358817,72.57805599471322
GCN,100.0,0.3785953253316488,69.71982784294441
GCN,100.0,0.4183946304485155,67.07947663246061
GCN,100.0,0.4581939987365761,64.64822804105766
GCN,100.0,0.49799330385344287,62.419448698301345
GCN,100.0,0.5377926721415035,60.38504953060476
GCN,100.0,0.5775919772583702,58.533797705901314
GCN,100.0,0.6173912823752369,56.85173945597496
GCN,100.0,0.6571907770056854,55.32329223812186
GCN,100.0,0.6969898926089704,53.93239229043307
GCN,100.0,0.7367890082122552,52.663599429460824
GCN,100.0,0.7765887555274795,51.5025588388518
GCN,100.0,0.8163878711307644,50.436256351240885
GCN,100.0,0.8561869867340492,49.45321490585417
GCN,100.0,0.8959867340492736,48.543363822381615
GCN,100.0,0.9357858496525585,47.697898016709146
GCN,100.0,0.9755855969677827,46.90914122527849
GCN,100.0,1.0153847125710675,46.170406152027155
GCN,100.0,1.0551838281743526,45.475988520678705
GCN,100.0,1.0949835754895767,44.82084568179923
GCN,100.0,1.1347826910928616,44.20069716668394
GCN,100.0,1.1745818066961466,43.61167843238262
GCN,100.0,1.214381554011371,43.05062036823568
GCN,100.0,1.2541806696146558,42.514659122790114
GCN,100.0,1.2939797852179407,42.00130679363325
GCN,100.0,1.333779532533165,41.508447617723654
GCN,100.0,1.3735786481364498,41.034316329508535
GCN,100.0,1.413377763739735,40.577328627153264
GCN,100.0,1.453177511054959,40.13614953319223
GCN,100.0,1.4929766266582438,39.7096096250611
GCN,100.0,1.532775742261529,39.29677470411496
GCN,100.0,1.5725754895767532,38.89688495863365
GCN,100.0,1.6123746051800378,38.50925490348748
GCN,100.0,1.652173720783323,38.13334110694051
GCN,100.0,1.6919734680985472,37.76872234499042
GCN,100.0,1.7317725837018318,37.41501615837188
GCN,100.0,1.771571699305117,37.0720768403634
GCN,100.0,1.8113714466203412,36.7396600047099
GCN,100.0,1.8511705622236259,36.417631516168704
GCN,100.0,1.890969677826911,36.10588435340446
GCN,100.0,1.9307694251421352,35.80442267296256
GCN,100.0,1.9705685407454203,35.513210858163866
GCN,100.0,2.010367656348705,35.232295184430285
GCN,100.0,2.050167403663929,34.96168904865273
GCN,100.0,2.089966519267214,34.70134503818218
GCN,100.0,2.129765634870499,34.451392904524496
GCN,100.0,2.169565382185723,34.2116422250875
GCN,100.0,2.209364497789008,33.98218501684741
GCN,100.0,2.249163613392293,33.762944064703404
GCN,100.0,2.2889633607075175,33.55385728178744
GCN,100.0,2.328762476310802,33.354970750811
GCN,100.0,2.368561591914087,33.16609833597287
GCN,100.0,2.4083613392293115,32.98677781622555
GCN,100.0,2.448160454832596,32.81753983760682
GCN,100.0,2.4879595704358817,32.65702571225457
GCN,100.0,2.5277593177511055,32.505908948077895
GCN,100.0,2.56755843335439,32.36408893265477
GCN,100.0,2.6073575489576757,32.23001858501618
GCN,100.0,2.6471572962728995,32.10430931678297
GCN,100.0,2.686956411876184,31.986809322974704
GCN,100.0,2.726756159191409,31.876275628483114
GCN,100.0,2.7665552747946935,31.772453212539492
GCN,100.0,2.8063543903979786,31.67583411324877
GCN,100.0,2.846154137713203,31.584739785540123
GCN,100.0,2.8859532533164876,31.499662339024635
GCN,100.0,2.9257523689197726,31.419725199117927
GCN,100.0,2.965552116234997,31.344364609077
GCN,100.0,3.0053512318382816,31.273883549905257
GCN,100.0,3.0451503474415667,31.20707395352038
GCN,100.0,3.084950094756791,31.14368496133667
GCN,100.0,3.124749210360076,31.083409959101832
GCN,100.0,3.1645483259633607,31.025902018469374
GCN,100.0,3.204348073278585,30.97015657558393
GCN,100.0,3.2441471888818696,30.916551199524765
GCN,100.0,3.283946304485155,30.864268253220445
GCN,100.0,3.323746051800379,30.813233831134756
GCN,100.0,3.3635451674036636,30.762757484787105
GCN,100.0,3.403344283006949,30.712469901033113
GCN,100.0,3.443144030322173,30.662175925993107
GCN,100.0,3.4829431459254576,30.611349837442653
GCN,100.0,3.522742261528743,30.559944961198394
GCN,100.0,3.562542008843967,30.50785434711888
GCN,100.0,3.6023411244472525,30.454151892934593
GCN,100.0,3.642140240050537,30.398727019378825
GCN,100.0,3.681939987365761,30.341955605620505
GCN,100.0,3.7217391029690465,30.282592320240976
GCN,100.0,3.761538218572331,30.220881507536927
GCN,100.0,3.801337965887555,30.156719081547426
GCN,100.0,3.8411370814908405,30.08995375531817
GCN,100.0,3.880936197094125,30.019671222003375
GCN,100.0,3.92073594440935,29.94649898724195
GCN,100.0,3.9605350600126346,29.869836939979656
GCN,100.0,4.00033417561592,29.78977544119933
GCN,100.0,4.040133922931144,29.70612910356214
GCN,100.0,4.079933038534429,29.618588312294314
GCN,100.0,4.119732154137713,29.527289415631937
GCN,100.0,4.1595319014529375,29.431333639864647
GCN,100.0,4.199331017056222,29.331720840112837
GCN,100.0,4.239130132659508,29.227934287967855
GCN,100.0,4.278929879974732,29.119537068885897
GCN,100.0,4.318728995578017,29.006828043029124
GCN,100.0,4.358528742893241,28.88975286000651
GCN,100.0,4.3983278584965255,28.768180634032408
GCN,100.0,4.43812697409981,28.641902816675902
GCN,100.0,4.477926721415035,28.511283292013616
GCN,100.0,4.51772583701832,28.375707913567663
GCN,100.0,4.557524952621605,28.23577311251124
GCN,100.0,4.597324699936829,28.091271286863705
GCN,100.0,4.6371238155401135,27.941938574539783
GCN,100.0,4.676922931143398,27.788453605257285
GCN,100.0,4.716722678458623,27.629951030461662
GCN,100.0,4.756521794061908,27.466413541781623
GCN,100.0,4.796320909665193,27.299003261690693
GCN,100.0,4.836120656980417,27.126818312046574
GCN,100.0,4.875919772583702,26.949925650301758
GCN,100.0,4.915718888186986,26.768856662861474
GCN,100.0,4.955518635502211,26.583012769301966
GCN,100.0,4.995317751105496,26.39274835370733
GCN,100.0,5.035116866708781,26.198461940452344
GCN,100.0,5.074916614024005,25.999338325472287
GCN,100.0,5.11471572962729,25.79621820803182
GCN,100.0,5.154514845230575,25.588694650445763
GCN,100.0,5.194314592545799,25.37712396691849
GCN,100.0,5.234113708149084,25.161479901544823
GCN,100.0,5.273912823752369,24.941589765256527
GCN,100.0,5.313712571067593,24.717520103671514
GCN,100.0,5.353511686670878,24.489407439780095
GCN,100.0,5.393310802274163,24.257132273402068
GCN,100.0,5.433110549589387,24.0211939416503
GCN,100.0,5.472909665192672,23.78170393795652
GCN,100.0,5.512708780795958,23.53759234314043
GCN,100.0,5.552508528111181,23.290252286770563
GCN,100.0,5.592307643714466,23.039138393049356
GCN,100.0,5.632106759317751,22.784581690313708
GCN,100.0,5.6719065066329755,22.526589200477687
GCN,100.0,5.711705622236261,22.26484703565223
GCN,100.0,5.751504737839546,21.99956126123524
GCN,100.0,5.791304485154769,21.730349655091267
GCN,100.0,5.831103600758055,21.45841422701508
GCN,100.0,5.870902716361339,21.18313471544302
GCN,100.0,5.9107024636765635,20.904908234033705
GCN,100.0,5.950501579279849,20.624072968973888
GCN,100.0,5.990300694883134,20.340606534661482
GCN,100.0,6.030100442198358,20.05452134376357
GCN,100.0,6.069899557801643,19.7656116136651
GCN,100.0,6.109699305116867,19.47383848216714
GCN,100.0,6.149498420720152,19.179810173593477
GCN,100.0,6.189297536323437,18.883709382601072
GCN,100.0,6.22909728363866,18.58622441239304
GCN,100.0,6.268896399241946,18.286960354091367
GCN,100.0,6.308695514845231,17.987610497458263
GCN,100.0,6.348496525584333,17.686627969602227
GCN,100.0,6.3882943777637395,17.384937497984545
GCN,100.0,6.428092229943147,17.082026800298053
GCN,100.0,6.467890082122553,16.77803025321235
GCN,100.0,6.507694251421352,16.47393327241657
GCN,100.0,6.547492103600758,16.16909291998723
GCN,100.0,6.587289955780164,15.865091012776645
GCN,100.0,6.62708780795957,15.562274376077918
GCN,100.0,6.666891977258371,15.261824601862491
GCN,100.0,6.706689829437776,14.963033790272336
GCN,100.0,6.746487681617182,14.665815772616426
GCN,100.0,6.786285533796589,14.369254992884006
GCN,100.0,6.826089703095389,14.071759036239335
GCN,100.0,6.865887555274795,13.774521691365827
GCN,100.0,6.905685407454201,13.480369339215585
GCN,100.0,6.9454832596336065,13.190725511301352
GCN,100.0,6.985287428932407,12.906318119283586
GCN,100.0,7.025085281111814,12.627408534488879
GCN,100.0,7.064883133291219,12.353591384455136
GCN,100.0,7.104680985470625,12.084172596516613
GCN,100.0,7.1444788376500314,11.81747486987891
GCN,100.0,7.1842830069488315,11.552823944803887
GCN,100.0,7.224080859128238,11.288908228132856
GCN,100.0,7.263878711307644,11.026611089389363
GCN,100.0,7.30367656348705,10.767808509782016
GCN,100.0,7.34348073278585,10.514228842974356
GCN,100.0,7.3832785849652565,10.26834168038373
GCN,100.0,7.423076437144663,10.033031855047975
GCN,100.0,7.462874289324068,9.810140123456613
GCN,100.0,7.502678458622867,9.596296224019284
GCN,100.0,7.542476310802275,9.38094255142245
GCN,100.0,7.5822741629816806,9.164801511861368
GCN,100.0,7.622072015161087,8.946506075701137
GCN,100.0,7.661869867340493,8.725922304715413
GCN,100.0,7.701674036639292,8.502832716155568
GCN,100.0,7.741471888818699,8.278040535717254
GCN,100.0,7.7812697409981055,8.053080369875174
GCN,100.0,7.821067593177512,7.830518761201742
GCN,100.0,7.860871762476311,7.616177551127102
GCN,100.0,7.900669614655716,7.414566790874981
GCN,100.0,7.940467466835124,7.22606325470022
GCN,100.0,7.98026531901453,7.048554663811442
GCN,100.0,8.020069488313329,6.880033494210914
GCN,100.0,8.059867340492735,6.7176887753089884
GCN,100.0,8.099665192672141,6.558824767379028
GCN,100.0,8.13946304485155,6.400573872891044
GCN,100.0,8.179267214150348,6.239984732893934
GCN,100.0,8.219065066329753,6.072930195702717
GCN,100.0,8.258862918509159,5.8947126834657375
GCN,100.0,8.298660770688565,5.701566302108264
GCN,100.0,8.338458622867973,5.496513858153287
GCN,100.0,8.378262792166772,5.288105094071772
GCN,100.0,8.418060644346179,5.088359601813998
GCN,100.0,8.457858496525585,4.9065407852299705
GCN,100.0,8.49765634870499,4.746447466053265
GCN,100.0,8.53746051800379,4.607494079271638
GCN,100.0,8.577258370183197,4.4927371513778604
GCN,100.0,8.617056222362603,4.410767312647109
GCN,100.0,8.656854074542009,4.332243672496577
GCN,100.0,8.696658243840808,4.255994214173071
GCN,100.0,8.736456096020214,4.18129504903574
GCN,100.0,8.77625394819962,4.107446037402716
GCN,100.0,8.816051800379027,4.033940578522264
GCN,100.0,8.855855969677828,3.960262229726499
GCN,100.0,8.895653821857234,3.8856498247139943
GCN,100.0,8.93545167403664,3.8092198876314143
GCN,100.0,8.975249526216045,3.730328002686004
GCN,100.0,9.015047378395451,3.648361676663864
GCN,100.0,9.054851547694252,3.5625824688210543
GCN,100.0,9.094649399873658,3.4727656103025883
GCN,100.0,9.134447252053064,3.378756539776212
GCN,100.0,9.17424510423247,3.280690006656779
GCN,100.0,9.21404927353127,3.179076468026157
GCN,100.0,9.253847125710676,3.0747963252257056
GCN,100.0,9.293644977890082,2.969248164316421
GCN,100.0,9.333442830069488,2.8642544854676224
GCN,100.0,9.373246999368288,2.762168231471203
GCN,100.0,9.413044851547696,2.663743692346477
GCN,100.0,9.452842703727102,2.570506736751744
GCN,100.0,9.492640555906506,2.4832609188916064
GCN,100.0,9.532438408085913,2.4026010272310865
GCN,100.0,9.572242577384712,2.32850994333378
GCN,100.0,9.61204042956412,2.260858212975339
GCN,100.0,9.651838281743526,2.199324816467902
GCN,100.0,9.691636133922932,2.1433494872144134
GCN,100.0,9.731440303221731,2.092461645759268
GCN,100.0,9.771238155401138,2.046133639813839
GCN,100.0,9.811036007580544,2.004060900058323
GCN,100.0,9.85083385975995,1.9657434865665442
GCN,100.0,9.89063802905875,1.9306808667368145
GCN,100.0,9.930435881238155,1.8984438334912537
GCN,100.0,9.970233733417562,1.868687600001656
GCN,100.0,10.010031585596968,1.8411253057005494
GCN,100.0,10.049835754895767,1.8155164676869682
GCN,100.0,10.089633607075173,1.7916443492797192
GCN,100.0,10.12943145925458,1.7693584987377795
GCN,100.0,10.169229311433986,1.7485122287393695
minimization,100.0,0.1,96.74477348760611
minimization,100.0,0.13979930511686672,91.41297145959729
minimization,100.0,0.17959867340492736,86.833663767746
minimization,100.0,0.21939797852179407,82.81249485928214
minimization,100.0,0.25919734680985473,79.2235589062404
minimization,100.0,0.2989966519267214,75.9831632359178
minimization,100.0,0.33879595704358817,73.03530260012211
minimization,100.0,0.3785953253316488,70.34255675773215
minimization,100.0,0.4183946304485155,67.87941271219768
minimization,100.0,0.4581939987365761,65.62718361960017
minimization,100.0,0.49799330385344287,63.57037609819203
minimization,100.0,0.5377926721415035,61.69443321118356
minimization,100.0,0.5775919772583702,59.98453001110091
minimization,100.0,0.6173912823752369,58.425661940744384
minimization,100.0,0.6571907770056854,57.00303117624901
minimization,100.0,0.6969898926089704,55.70236478297469
minimization,100.0,0.7367890082122552,54.51025853280339
minimization,100.0,0.7765887555274795,53.414493021474094
minimization,100.0,0.8163878711307644,52.4041101083749
minimization,100.0,0.8561869867340492,51.46923438237798
minimization,100.0,0.8959867340492736,50.60125642178257
minimization,100.0,0.9357858496525585,49.79251032068181
minimization,100.0,0.9755855969677827,49.036372179238285
minimization,100.0,1.0153847125710675,48.32694507965757
minimization,100.0,1.0551838281743526,47.6590110861104
minimization,100.0,1.0949835754895767,47.028165801313655
minimization,100.0,1.1347826910928616,46.43053976559216
minimization,100.0,1.1745818066961466,45.86256922440855
minimization,100.0,1.214381554011371,45.321329046305806
minimization,100.0,1.2541806696146558,44.80428494082048
minimization,100.0,1.2939797852179407,44.30906510097137
minimization,100.0,1.333779532533165,43.83372013751138
minimization,100.0,1.3735786481364498,43.37653949913299
minimization,100.0,1.413377763739735,42.93606648781846
minimization,100.0,1.453177511054959,42.51107648058898
minimization,100.0,1.4929766266582438,42.100409872097366
minimization,100.0,1.532775742261529,41.703086378538515
minimization,100.0,1.5725754895767532,41.31845217798788
minimization,100.0,1.6123746051800378,40.94574443989556
minimization,100.0,1.652173720783323,40.58445305896227
minimization,100.0,1.6919734680985472,40.234133725488114
minimization,100.0,1.7317725837018318,39.89431338199685
minimization,100.0,1.771571699305117,39.564748715099725
minimization,100.0,1.8113714466203412,39.24519114147111
minimization,100.0,1.8511705622236259,38.93541897935725
minimization,100.0,1.890969677826911,38.63533188291519
minimization,100.0,1.9307694251421352,38.34468076064186
minimization,100.0,1.9705685407454203,38.06346461264727
minimization,100.0,2.010367656348705,37.791541114244424
minimization,100.0,2.050167403663929,37.528813909923876
minimization,100.0,2.089966519267214,37.27528862208663
minimization,100.0,2.129765634870499,37.03080557968776
minimization,100.0,2.169565382185723,36.795623599685
minimization,100.0,2.209364497789008,36.569027189209685
minimization,100.0,2.249163613392293,36.35101478758649
minimization,100.0,2.2889633607075175,36.14233668970628
minimization,100.0,2.328762476310802,35.94200296370949
minimization,100.0,2.368561591914087,35.74988741431782
minimization,100.0,2.4083613392293115,35.56588000581696
minimization,100.0,2.448160454832596,35.390268927824415
minimization,100.0,2.4879595704358817,35.221967242287796
minimization,100.0,2.5277593177511055,35.06176435381838
minimization,100.0,2.56755843335439,34.90860644789452
minimization,100.0,2.6073575489576757,34.76256948930478
minimization,100.0,2.6471572962728995,34.62312300013905
minimization,100.0,2.686956411876184,34.49021164022015
minimization,100.0,2.726756159191409,34.36342054429363
minimization,100.0,2.7665552747946935,34.24204431004533
minimization,100.0,2.8063543903979786,34.12649844970958
minimization,100.0,2.846154137713203,34.01563296520819
minimization,100.0,2.8859532533164876,33.90952464375056
minimization,100.0,2.9257523689197726,33.8077919261969
minimization,100.0,2.965552116234997,33.71000455983299
minimization,100.0,3.0053512318382816,33.615777127199486
minimization,100.0,3.0451503474415667,33.525130856945594
minimization,100.0,3.084950094756791,33.43701631907892
minimization,100.0,3.124749210360076,33.3509526780314
minimization,100.0,3.1645483259633607,33.26746029107699
minimization,100.0,3.204348073278585,33.18563812291078
minimization,100.0,3.2441471888818696,33.10530426138383
minimization,100.0,3.283946304485155,33.026134895133
minimization,100.0,3.323746051800379,32.94769802101196
minimization,100.0,3.3635451674036636,32.86917348371375
minimization,100.0,3.403344283006949,32.79161552341856
minimization,100.0,3.443144030322173,32.71356592363646
minimization,100.0,3.4829431459254576,32.634589101839694
minimization,100.0,3.522742261528743,32.55535280680653
minimization,100.0,3.562542008843967,32.47513286223186
minimization,100.0,3.6023411244472525,32.39340672469894
minimization,100.0,3.642140240050537,32.31009511591959
minimization,100.0,3.681939987365761,32.225067763353074
minimization,100.0,3.7217391029690465,32.13802728168656
minimization,100.0,3.761538218572331,32.04917631258297
minimization,100.0,3.801337965887555,31.95775322825616
minimization,100.0,3.8411370814908405,31.86346186990781
minimization,100.0,3.880936197094125,31.766587377141036
minimization,100.0,3.92073594440935,31.666343531886074
minimization,100.0,3.9605350600126346,31.56361063167891
minimization,100.0,4.00033417561592,31.457169459711608
minimization,100.0,4.040133922931144,31.347465472366718
minimization,100.0,4.079933038534429,31.23437454048838
minimization,100.0,4.119732154137713,31.117309337412934
minimization,100.0,4.1595319014529375,30.996636100817064
minimization,100.0,4.199331017056222,30.871980562397606
minimization,100.0,4.239130132659508,30.743734943614324
minimization,100.0,4.278929879974732,30.611262153055037
minimization,100.0,4.318728995578017,30.474548805931477
minimization,100.0,4.358528742893241,30.334062401655583
minimization,100.0,4.3983278584965255,30.189162866840253
minimization,100.0,4.43812697409981,30.040107296919793
minimization,100.0,4.477926721415035,29.886532622830927
minimization,100.0,4.51772583701832,29.72889212521403
minimization,100.0,4.557524952621605,29.566492435638562
minimization,100.0,4.597324699936829,29.40049811709267
minimization,100.0,4.6371238155401135,29.229607926636678
minimization,100.0,4.676922931143398,29.054800029578356
minimization,100.0,4.716722678458623,28.87518855030455
minimization,100.0,4.756521794061908,28.691298070682972
minimization,100.0,4.796320909665193,28.503170571274115
minimization,100.0,4.836120656980417,28.311282184433075
minimization,100.0,4.875919772583702,28.114393942900097
minimization,100.0,4.915718888186986,27.913709039232245
minimization,100.0,4.955518635502211,27.708453225571077
minimization,100.0,4.995317751105496,27.49902469104127
minimization,100.0,5.035116866708781,27.286100554412858
minimization,100.0,5.074916614024005,27.068278879487195
minimization,100.0,5.11471572962729,26.8468147157716
minimization,100.0,5.154514845230575,26.620975998842006
minimization,100.0,5.194314592545799,26.391689882650848
minimization,100.0,5.234113708149084,26.158274537891344
minimization,100.0,5.273912823752369,25.920900492024522
minimization,100.0,5.313712571067593,25.679643148176616
minimization,100.0,5.353511686670878,25.434529232971173
minimization,100.0,5.393310802274163,25.18551968051203
minimization,100.0,5.433110549589387,24.933108687094137
minimization,100.0,5.472909665192672,24.676863040642697
minimization,100.0,5.512708780795958,24.416516617066353
minimization,100.0,5.552508528111181,24.153333841680187
minimization,100.0,5.592307643714466,23.88582117827666
minimization,100.0,5.632106759317751,23.615304260437316
minimization,100.0,5.6719065066329755,23.34144190596207
minimization,100.0,5.711705622236261,23.064003716085832
minimization,100.0,5.751504737839546,22.783673126240064
minimization,100.0,5.791304485154769,22.499616085418115
minimization,100.0,5.831103600758055,22.212912982194354
minimization,100.0,5.870902716361339,21.922434255416015
minimization,100.0,5.9107024636765635,21.628823001277464
minimization,100.0,5.950501579279849,21.332360659208472
minimization,100.0,5.990300694883134,21.033602096007094
minimization,100.0,6.030100442198358,20.73237138828055
minimization,100.0,6.069899557801643,20.42859813717543
minimization,100.0,6.109699305116867,20.122604883639923
minimization,100.0,6.149498420720152,19.814197528126588
minimization,100.0,6.189297536323437,19.50371502867397
minimization,100.0,6.22909728363866,19.191259088001566
minimization,100.0,6.268896399241946,18.87664753134905
minimization,100.0,6.308695514845231,18.561148754899857
minimization,100.0,6.348496525584333,18.244576154639002
minimization,100.0,6.3882943777637395,17.928287568509177
minimization,100.0,6.428092229943147,17.610982783099924
minimization,100.0,6.467890082122553,17.293091223024444
minimization,100.0,6.507694251421352,16.975019239048937
minimization,100.0,6.547492103600758,16.65580981312325
minimization,100.0,6.587289955780164,16.33685754187979
minimization,100.0,6.62708780795957,16.018597509507572
minimization,100.0,6.666891977258371,15.70186738073127
minimization,100.0,6.706689829437776,15.387093351293199
minimization,100.0,6.746487681617182,15.075131640399237
minimization,100.0,6.786285533796589,14.765457830776835
minimization,100.0,6.826089703095389,14.457426070539416
minimization,100.0,6.865887555274795,14.148534089526045
minimization,100.0,6.905685407454201,13.840061475894439
minimization,100.0,6.9454832596336065,13.534497399709764
minimization,100.0,6.985287428932407,13.233576252055377
minimization,100.0,7.025085281111814,12.938591912758726
minimization,100.0,7.064883133291219,12.649803325701262
minimization,100.0,7.104680985470625,12.366809030860008
minimization,100.0,7.1444788376500314,12.088205922579668
minimization,100.0,7.1842830069488315,11.81355428517668
minimization,100.0,7.224080859128238,11.540414296424098
minimization,100.0,7.263878711307644,11.268717840193139
minimization,100.0,7.30367656348705,10.999312712905512
minimization,100.0,7.34348073278585,10.733478157911561
minimization,100.0,7.3832785849652565,10.473653923122834
minimization,100.0,7.423076437144663,10.222934639014948
minimization,100.0,7.462874289324068,9.984015571892204
minimization,100.0,7.502678458622867,9.7578811623327
minimization,100.0,7.542476310802275,9.538729106029447
minimization,100.0,7.5822741629816806,9.318096229173214
minimization,100.0,7.622072015161087,9.096129008202107
minimization,100.0,7.661869867340493,8.87215894613171
minimization,100.0,7.701674036639292,8.645559291839586
minimization,100.0,7.741471888818699,8.416730049316943
minimization,100.0,7.7812697409981055,8.186886096097368
minimization,100.0,7.821067593177512,7.95780265922897
minimization,100.0,7.860871762476311,7.733484182535597
minimization,100.0,7.900669614655716,7.520690200232672
minimization,100.0,7.940467466835124,7.321790885160405
minimization,100.0,7.98026531901453,7.135460912619842
minimization,100.0,8.020069488313329,6.959859650233981
minimization,100.0,8.059867340492735,6.792103334063279
minimization,100.0,8.099665192672141,6.629326969989102
minimization,100.0,8.13946304485155,6.468592094940993
minimization,100.0,8.179267214150348,6.306963033261816
minimization,100.0,8.219065066329753,6.140510481399906
minimization,100.0,8.258862918509159,5.9648458236833815
minimization,100.0,8.298660770688565,5.774639947753877
minimization,100.0,8.338458622867973,5.570561802708332
minimization,100.0,8.378262792166772,5.359247872857076
minimization,100.0,8.418060644346179,5.152691231132318
minimization,100.0,8.457858496525585,4.962054643752415
minimization,100.0,8.49765634870499,4.79313476795273
minimization,100.0,8.53746051800379,4.646358492760049
minimization,100.0,8.577258370183197,4.519550384341101
minimization,100.0,8.617056222362603,4.432672096593466
minimization,100.0,8.656854074542009,4.35255043703777
minimization,100.0,8.696658243840808,4.275015248185242
minimization,100.0,8.736456096020214,4.199272768971005
minimization,100.0,8.77625394819962,4.1245812115129326
minimization,100.0,8.816051800379027,4.050383026770766
minimization,100.0,8.855855969677828,3.976163510908378
minimization,100.0,8.895653821857234,3.901202785570307
minimization,100.0,8.93545167403664,3.824581027580923
minimization,100.0,8.975249526216045,3.745616013381805
minimization,100.0,9.015047378395451,3.6636640164688545
minimization,100.0,9.054851547694252,3.577996137119176
minimization,100.0,9.094649399873658,3.4882746283327344
minimization,100.0,9.134447252053064,3.3943399843216935
minimization,100.0,9.17424510423247,3.2962728060424276
minimization,100.0,9.21404927353127,3.194530580034949
minimization,100.0,9.253847125710676,3.08994253452852
minimization,100.0,9.293644977890082,2.98386921300609
minimization,100.0,9.333442830069488,2.878065682551674
minimization,100.0,9.373246999368288,2.775023011186629
minimization,100.0,9.413044851547696,2.6755419725320237
minimization,100.0,9.452842703727102,2.581171319156718
minimization,100.0,9.492640555906506,2.4927799962517314
minimization,100.0,9.532438408085913,2.4110169222154316
minimization,100.0,9.572242577384712,2.3359000144494466
minimization,100.0,9.61204042956412,2.2673197010754573
minimization,100.0,9.651838281743526,2.204961756778935
minimization,100.0,9.691636133922932,2.1482624541239534
minimization,100.0,9.731440303221731,2.096757832746744
minimization,100.0,9.771238155401138,2.049870401464802
minimization,100.0,9.811036007580544,2.007318576502574
minimization,100.0,9.85083385975995,1.9685938299650114
minimization,100.0,9.89063802905875,1.9331873937558888
minimization,100.0,9.930435881238155,1.9006575087270872
minimization,100.0,9.970233733417562,1.8706497348110045
minimization,100.0,10.010031585596968,1.8428702556360896
minimization,100.0,10.049835754895767,1.81707259689709
minimization,100.0,10.089633607075173,1.7930354103656707
minimization,100.0,10.12943145925458,1.7706046618357414
minimization,100.0,10.169229311433986,1.7496303496865364
LCN,150.0,0.2989966519267214,99.1346132410274
LCN,150.0,0.33879595704358817,97.3047432171539
LCN,150.0,0.3785953253316488,95.63040119612995
LCN,150.0,0.4183946304485155,94.08942152780571
LCN,150.0,0.4581939987365761,92.66444368116872
LCN,150.0,0.49799330385344287,91.34153962120465
LCN,150.0,0.5377926721415035,90.10941861552698
LCN,150.0,0.5775919772583702,88.95869513528578
LCN,150.0,0.6173912823752369,87.88148102505001
LCN,150.0,0.6571907770056854,86.87096585228464
LCN,150.0,0.6969898926089704,85.92129769297755
LCN,150.0,0.7367890082122552,85.02725424035168
LCN,150.0,0.7765887555274795,84.18419908659735
LCN,150.0,0.8163878711307644,83.38789671330329
LCN,150.0,0.8561869867340492,82.63459803269431
LCN,150.0,0.8959867340492736,81.9208019492735
LCN,150.0,0.9357858496525585,81.24331159469999
LCN,150.0,0.9755855969677827,80.59923998030777
LCN,150.0,1.0153847125710675,79.98592628343518
LCN,150.0,1.0551838281743526,79.40085333986521
LCN,150.0,1.0949835754895767,78.84186665461473
LCN,150.0,1.1347826910928616,78.30684103585875
LCN,150.0,1.1745818066961466,77.7939549602221
LCN,150.0,1.214381554011371,77.30142807876
LCN,150.0,1.2541806696146558,76.82774294112654
LCN,150.0,1.2939797852179407,76.37149004426907
LCN,150.0,1.333779532533165,75.9313564948668
LCN,150.0,1.3735786481364498,75.50618512355108
LCN,150.0,1.413377763739735,75.09487731195426
LCN,150.0,1.453177511054959,74.69652045447685
LCN,150.0,1.4929766266582438,74.31021708599212
LCN,150.0,1.532775742261529,73.93518841971759
LCN,150.0,1.5725754895767532,73.57071520749939
LCN,150.0,1.6123746051800378,73.21617225328839
LCN,150.0,1.652173720783323,72.87095489600887
LCN,150.0,1.6919734680985472,72.53454919321427
LCN,150.0,1.7317725837018318,72.20648959821018
LCN,150.0,1.771571699305117,71.88631204177976
LCN,150.0,1.8113714466203412,71.57360979108086
LCN,150.0,1.8511705622236259,71.26804111769559
LCN,150.0,1.890969677826911,70.96929992602476
LCN,150.0,1.9307694251421352,70.677028740037
LCN,150.0,1.9705685407454203,70.39100381834955
LCN,150.0,2.010367656348705,70.11095527001531
LCN,150.0,2.050167403663929,69.83663402894547
LCN,150.0,2.089966519267214,69.56782013661453
LCN,150.0,2.129765634870499,69.30430739442713
LCN,150.0,2.169565382185723,69.04592480507928
LCN,150.0,2.209364497789008,68.79243751294283
LCN,150.0,2.249163613392293,68.54374276616016
LCN,150.0,2.2889633607075175,68.29966570240987
LCN,150.0,2.328762476310802,68.06001377736801
LCN,150.0,2.368561591914087,67.82463784027232
LCN,150.0,2.4083613392293115,67.59343142873806
LCN,150.0,2.448160454832596,67.36624341004226
LCN,150.0,2.4879595704358817,67.14293610819367
LCN,150.0,2.5277593177511055,66.92337914360274
LCN,150.0,2.56755843335439,66.70743639769913
LCN,150.0,2.6073575489576757,66.49501545323947
LCN,150.0,2.6471572962728995,66.28597947128411
LCN,150.0,2.686956411876184,66.08017089137041
LCN,150.0,2.726756159191409,65.87753543155773
LCN,150.0,2.7665552747946935,65.67791160881798
LCN,150.0,2.8063543903979786,65.48121000819948
LCN,150.0,2.846154137713203,65.2872874266007
LCN,150.0,2.8859532533164876,65.09605879808448
LCN,150.0,2.9257523689197726,64.90732044322466
LCN,150.0,2.965552116234997,64.72119598506335
LCN,150.0,3.0053512318382816,64.53716643505726
LCN,150.0,3.0451503474415667,64.35577811296399
LCN,150.0,3.084950094756791,64.17619008958557
LCN,150.0,3.124749210360076,63.998710891508495
LCN,150.0,3.1645483259633607,63.823158265460684
LCN,150.0,3.204348073278585,63.64942824561442
LCN,150.0,3.2441471888818696,63.47738359790301
LCN,150.0,3.283946304485155,63.30686483370969
LCN,150.0,3.323746051800379,63.13759043313462
LCN,150.0,3.3635451674036636,62.97006672637174
LCN,150.0,3.403344283006949,62.803705499299895
LCN,150.0,3.443144030322173,62.63826354747079
LCN,150.0,3.4829431459254576,62.47398331474212
LCN,150.0,3.522742261528743,62.31066310008544
LCN,150.0,3.562542008843967,62.14819200217853
LCN,150.0,3.6023411244472525,61.985934505526785
LCN,150.0,3.642140240050537,61.82486726766586
LCN,150.0,3.681939987365761,61.66402812662955
LCN,150.0,3.7217391029690465,61.50353273537506
LCN,150.0,3.761538218572331,61.343200299191345
LCN,150.0,3.801337965887555,61.18300766378426
LCN,150.0,3.8411370814908405,61.02306436946159
LCN,150.0,3.880936197094125,60.86284517578993
LCN,150.0,3.92073594440935,60.70235022191336
LCN,150.0,3.9605350600126346,60.54178323818277
LCN,150.0,4.00033417561592,60.38066741473515
LCN,150.0,4.040133922931144,60.2187713331666
LCN,150.0,4.079933038534429,60.05656093161642
LCN,150.0,4.119732154137713,59.89339773298622
LCN,150.0,4.1595319014529375,59.72949760004959
LCN,150.0,4.199331017056222,59.564160354570284
LCN,150.0,4.239130132659508,59.398245631792115
LCN,150.0,4.278929879974732,59.230998423889034
LCN,150.0,4.318728995578017,59.062281791642405
LCN,150.0,4.358528742893241,58.89183491431078
LCN,150.0,4.3983278584965255,58.72027355050501
LCN,150.0,4.43812697409981,58.54658275621524
LCN,150.0,4.477926721415035,58.371684865821635
LCN,150.0,4.51772583701832,58.19447893697831
LCN,150.0,4.557524952621605,58.01522894517614
LCN,150.0,4.597324699936829,57.83407311343261
LCN,150.0,4.6371238155401135,57.65034849492563
LCN,150.0,4.676922931143398,57.46430673420308
LCN,150.0,4.716722678458623,57.27583107620005
LCN,150.0,4.756521794061908,57.08481800663423
LCN,150.0,4.796320909665193,56.89082376192902
LCN,150.0,4.836120656980417,56.69451134862815
LCN,150.0,4.875919772583702,56.49466715075578
LCN,150.0,4.915718888186986,56.292164732443055
LCN,150.0,4.955518635502211,56.08650711723999
LCN,150.0,4.995317751105496,55.87721844285975
LCN,150.0,5.035116866708781,55.66450033289768
LCN,150.0,5.074916614024005,55.4488071458847
LCN,150.0,5.11471572962729,55.22893848423462
LCN,150.0,5.154514845230575,55.00533921361253
LCN,150.0,5.194314592545799,54.778042765904274
LCN,150.0,5.234113708149084,54.546762303941286
LCN,150.0,5.273912823752369,54.31130068736299
LCN,150.0,5.313712571067593,54.071258901983505
LCN,150.0,5.353511686670878,53.827373816940906
LCN,150.0,5.393310802274163,53.578893343191154
LCN,150.0,5.433110549589387,53.32568324357397
LCN,150.0,5.472909665192672,53.06817897039993
LCN,150.0,5.512708780795958,52.80562086715997
LCN,150.0,5.552508528111181,52.53823926746936
LCN,150.0,5.592307643714466,52.26564376714513
LCN,150.0,5.632106759317751,51.988154681461445
LCN,150.0,5.6719065066329755,51.705652916248745
LCN,150.0,5.711705622236261,51.417318446876905
LCN,150.0,5.751504737839546,51.12358359335432
LCN,150.0,5.791304485154769,50.824546944045295
LCN,150.0,5.831103600758055,50.519662380388674
LCN,150.0,5.870902716361339,50.20875073019568
LCN,150.0,5.9107024636765635,49.892577789787204
LCN,150.0,5.950501579279849,49.5699650095048
LCN,150.0,5.990300694883134,49.24149392982525
LCN,150.0,6.030100442198358,48.906227361653606
LCN,150.0,6.069899557801643,48.565217454205886
LCN,150.0,6.109699305116867,48.21791589297336
LCN,150.0,6.149498420720152,47.86414534415189
LCN,150.0,6.189297536323437,47.503404312878196
LCN,150.0,6.22909728363866,47.13605948533536
LCN,150.0,6.268896399241946,46.762499017789075
LCN,150.0,6.308695514845231,46.38203887593866
LCN,150.0,6.348496525584333,45.99421160656368
LCN,150.0,6.3882943777637395,45.59964034714247
LCN,150.0,6.428092229943147,45.19827360016492
LCN,150.0,6.467890082122553,44.789917140024095
LCN,150.0,6.507694251421352,44.37468492842775
LCN,150.0,6.547492103600758,43.952524234196446
LCN,150.0,6.587289955780164,43.52290986210839
LCN,150.0,6.62708780795957,43.08577426971981
LCN,150.0,6.666891977258371,42.64207329929445
LCN,150.0,6.706689829437776,42.19089218399082
LCN,150.0,6.746487681617182,41.73300495098624
LCN,150.0,6.786285533796589,41.26775536171043
LCN,150.0,6.826089703095389,40.79527050110765
LCN,150.0,6.865887555274795,40.316389921225166
LCN,150.0,6.905685407454201,39.83038809201368
LCN,150.0,6.9454832596336065,39.337224496301964
LCN,150.0,6.985287428932407,38.83773312135157
LCN,150.0,7.025085281111814,38.33147298690678
LCN,150.0,7.064883133291219,37.81915365554016
LCN,150.0,7.104680985470625,37.30049230938689
LCN,150.0,7.1444788376500314,36.7758375391481
LCN,150.0,7.1842830069488315,36.24562368677294
LCN,150.0,7.224080859128238,35.709277080337046
LCN,150.0,7.263878711307644,35.167817695508475
LCN,150.0,7.30367656348705,34.621454988024006
LCN,150.0,7.34348073278585,34.07096430252305
LCN,150.0,7.3832785849652565,33.51524964181114
LCN,150.0,7.423076437144663,32.95588100667646
LCN,150.0,7.462874289324068,32.392694172639
LCN,150.0,7.502678458622867,31.827012680502172
LCN,150.0,7.542476310802275,31.257552452112563
LCN,150.0,7.5822741629816806,30.686648808739747
LCN,150.0,7.622072015161087,30.113771524196757
LCN,150.0,7.661869867340493,29.539437199018444
LCN,150.0,7.701674036639292,28.963873786087365
LCN,150.0,7.741471888818699,28.388540682822235
LCN,150.0,7.7812697409981055,27.813861680036208
LCN,150.0,7.821067593177512,27.239229396353537
LCN,150.0,7.860871762476311,26.666412190515544
LCN,150.0,7.900669614655716,26.095920046185324
LCN,150.0,7.940467466835124,25.527512494410615
LCN,150.0,7.98026531901453,24.962031312545736
LCN,150.0,8.020069488313329,24.40036021426142
LCN,150.0,8.059867340492735,23.843166890462374
LCN,150.0,8.099665192672141,23.29059458513445
LCN,150.0,8.13946304485155,22.743116217403745
LCN,150.0,8.179267214150348,22.20096163544216
LCN,150.0,8.219065066329753,21.665132304974883
LCN,150.0,8.258862918509159,21.135857606483295
LCN,150.0,8.298660770688565,20.614410076251755
LCN,150.0,8.338458622867973,20.100204624580595
LCN,150.0,8.378262792166772,19.592978606206426
LCN,150.0,8.418060644346179,19.09318611173286
LCN,150.0,8.457858496525585,18.602773533435823
LCN,150.0,8.49765634870499,18.121765086710518
LCN,150.0,8.53746051800379,17.650383368238995
LCN,150.0,8.577258370183197,17.186813124877002
LCN,150.0,8.617056222362603,16.731507533830886
LCN,150.0,8.656854074542009,16.28490709549631
LCN,150.0,8.696658243840808,15.847665358688856
LCN,150.0,8.736456096020214,15.421154784319132
LCN,150.0,8.77625394819962,15.00561138335134
LCN,150.0,8.816051800379027,14.599245396404305
LCN,150.0,8.855855969677828,14.198746198993215
LCN,150.0,8.895653821857234,13.803076541633098
LCN,150.0,8.93545167403664,13.416940328759457
LCN,150.0,8.975249526216045,13.043260830960453
LCN,150.0,9.015047378395451,12.682653877448464
LCN,150.0,9.054851547694252,12.334228783837842
LCN,150.0,9.094649399873658,11.9952057592918
LCN,150.0,9.134447252053064,11.6636452924342
LCN,150.0,9.17424510423247,11.336355616077798
LCN,150.0,9.21404927353127,11.013745619593067
LCN,150.0,9.253847125710676,10.698157791160416
LCN,150.0,9.293644977890082,10.393483344747334
LCN,150.0,9.333442830069488,10.103888690344709
LCN,150.0,9.373246999368288,9.833053032676148
LCN,150.0,9.413044851547696,9.577893400922246
LCN,150.0,9.452842703727102,9.32264077398628
LCN,150.0,9.492640555906506,9.06683524513971
LCN,150.0,9.532438408085913,8.80909459542872
LCN,150.0,9.572242577384712,8.549094579850648
LCN,150.0,9.61204042956412,8.287788466883718
LCN,150.0,9.651838281743526,8.027518916173749
LCN,150.0,9.691636133922932,7.77220440597618
LCN,150.0,9.731440303221731,7.531189839641853
LCN,150.0,9.771238155401138,7.3081394134559075
LCN,150.0,9.811036007580544,7.101877463729991
LCN,150.0,9.85083385975995,6.90889674725603
LCN,150.0,9.89063802905875,6.725239372219935
LCN,150.0,9.930435881238155,6.546791469740525
LCN,150.0,9.970233733417562,6.369745807195229
LCN,150.0,10.010031585596968,6.189280200551191
LCN,150.0,10.049835754895767,6.000049609243448
LCN,150.0,10.089633607075173,5.795295912551042
LCN,150.0,10.12943145925458,5.574170667859445
LCN,150.0,10.169229311433986,5.344848926281646
GCN,150.0,0.2989966519267214,98.9604669954618
GCN,150.0,0.33879595704358817,97.04511069205293
GCN,150.0,0.3785953253316488,95.26577830142303
GCN,150.0,0.4183946304485155,93.6006602535646
GCN,150.0,0.4581939987365761,92.03332089009888
GCN,150.0,0.49799330385344287,90.55125091622587
GCN,150.0,0.5377926721415035,89.14502827191194
GCN,150.0,0.5775919772583702,87.80743013988153
GCN,150.0,0.6173912823752369,86.5329872495046
GCN,150.0,0.6571907770056854,85.31749549296035
GCN,150.0,0.6969898926089704,84.15759216042095
GCN,150.0,0.7367890082122552,83.05059909587884
GCN,150.0,0.7765887555274795,81.99426470471525
GCN,150.0,0.8163878711307644,80.98654609644494
GCN,150.0,0.8561869867340492,80.02552418140387
GCN,150.0,0.8959867340492736,79.10939663887527
GCN,150.0,0.9357858496525585,78.2363128307225
GCN,150.0,0.9755855969677827,77.4044443301982
GCN,150.0,1.0153847125710675,76.6119305907511
GCN,150.0,1.0551838281743526,75.85682684346368
GCN,150.0,1.0949835754895767,75.13726466403234
GCN,150.0,1.1347826910928616,74.45137787593406
GCN,150.0,1.1745818066961466,73.79731259586787
GCN,150.0,1.214381554011371,73.17318115215741
GCN,150.0,1.2541806696146558,72.57730402223048
GCN,150.0,1.2939797852179407,72.00792687185873
GCN,150.0,1.333779532533165,71.46343194355424
GCN,150.0,1.3735786481364498,70.9422761317804
GCN,150.0,1.413377763739735,70.44306095767162
GCN,150.0,1.453177511054959,69.96436796492613
GCN,150.0,1.4929766266582438,69.5049323646962
GCN,150.0,1.532775742261529,69.06357823021
GCN,150.0,1.5725754895767532,68.6392220875697
GCN,150.0,1.6123746051800378,68.23082152621694
GCN,150.0,1.652173720783323,67.83747848249743
GCN,150.0,1.6919734680985472,67.45828958519775
GCN,150.0,1.7317725837018318,67.09244624652304
GCN,150.0,1.771571699305117,66.73926105913668
GCN,150.0,1.8113714466203412,66.39800780976316
GCN,150.0,1.8511705622236259,66.06811122182877
GCN,150.0,1.890969677826911,65.74898106779422
GCN,150.0,1.9307694251421352,65.4400761388717
GCN,150.0,1.9705685407454203,65.14089713182767
GCN,150.0,2.010367656348705,64.8510459873263
GCN,150.0,2.050167403663929,64.57004939409205
GCN,150.0,2.089966519267214,64.29752991680509
GCN,150.0,2.129765634870499,64.03316923074492
GCN,150.0,2.169565382185723,63.776554082868586
GCN,150.0,2.209364497789008,63.52742603444408
GCN,150.0,2.249163613392293,63.28546705893729
GCN,150.0,2.2889633607075175,63.05034625093471
GCN,150.0,2.328762476310802,62.821864404756276
GCN,150.0,2.368561591914087,62.599707937756044
GCN,150.0,2.4083613392293115,62.38366714402853
GCN,150.0,2.448160454832596,62.17347223762817
GCN,150.0,2.4879595704358817,61.96886812272188
GCN,150.0,2.5277593177511055,61.76968578234622
GCN,150.0,2.56755843335439,61.575679002477415
GCN,150.0,2.6073575489576757,61.38661911377722
GCN,150.0,2.6471572962728995,61.202340269034124
GCN,150.0,2.686956411876184,61.02261317036006
GCN,150.0,2.726756159191409,60.84721797562504
GCN,150.0,2.7665552747946935,60.6759761405027
GCN,150.0,2.8063543903979786,60.508528221134526
GCN,150.0,2.846154137713203,60.344954927578044
GCN,150.0,2.8859532533164876,60.18530416635626
GCN,150.0,2.9257523689197726,60.028555536731396
GCN,150.0,2.965552116234997,59.87529242647699
GCN,150.0,3.0053512318382816,59.72464645815147
GCN,150.0,3.0451503474415667,59.57706539459407
GCN,150.0,3.084950094756791,59.43209034732735
GCN,150.0,3.124749210360076,59.28952108264133
GCN,150.0,3.1645483259633607,59.14942609678875
GCN,150.0,3.204348073278585,59.01130241028335
GCN,150.0,3.2441471888818696,58.87521929458031
GCN,150.0,3.283946304485155,58.74067160102213
GCN,150.0,3.323746051800379,58.60768524005032
GCN,150.0,3.3635451674036636,58.47624030264027
GCN,150.0,3.403344283006949,58.346202209963295
GCN,150.0,3.443144030322173,58.21677332101866
GCN,150.0,3.4829431459254576,58.08891276407015
GCN,150.0,3.522742261528743,57.96120677805978
GCN,150.0,3.562542008843967,57.834556402705
GCN,150.0,3.6023411244472525,57.70791659063465
GCN,150.0,3.642140240050537,57.58185512137192
GCN,150.0,3.681939987365761,57.45591577317766
GCN,150.0,3.7217391029690465,57.330055481128376
GCN,150.0,3.761538218572331,57.20387043905592
GCN,150.0,3.801337965887555,57.077484830050615
GCN,150.0,3.8411370814908405,56.95060136075028
GCN,150.0,3.880936197094125,56.82337635677867
GCN,150.0,3.92073594440935,56.69530921063253
GCN,150.0,3.9605350600126346,56.5663815367457
GCN,150.0,4.00033417561592,56.43654745081668
GCN,150.0,4.040133922931144,56.305428580787975
GCN,150.0,4.079933038534429,56.17350352249947
GCN,150.0,4.119732154137713,56.03975050809627
GCN,150.0,4.1595319014529375,55.90489093671568
GCN,150.0,4.199331017056222,55.76816224847223
GCN,150.0,4.239130132659508,55.629827191627555
GCN,150.0,4.278929879974732,55.489848082341446
GCN,150.0,4.318728995578017,55.34779843387428
GCN,150.0,4.358528742893241,55.203628951674354
GCN,150.0,4.3983278584965255,55.05761738697371
GCN,150.0,4.43812697409981,54.90916706046411
GCN,150.0,4.477926721415035,54.75823529534643
GCN,150.0,4.51772583701832,54.60482370305498
GCN,150.0,4.557524952621605,54.448814531193534
GCN,150.0,4.597324699936829,54.29027499181713
GCN,150.0,4.6371238155401135,54.128892223813224
GCN,150.0,4.676922931143398,53.9643069169086
GCN,150.0,4.716722678458623,53.79680100997556
GCN,150.0,4.756521794061908,53.626203364306065
GCN,150.0,4.796320909665193,53.45268958215668
GCN,150.0,4.836120656980417,53.27524201810864
GCN,150.0,4.875919772583702,53.0948351305571
GCN,150.0,4.915718888186986,52.910605997614326
GCN,150.0,4.955518635502211,52.72267978653976
GCN,150.0,4.995317751105496,52.53124162094417
GCN,150.0,5.035116866708781,52.33611992428309
GCN,150.0,5.074916614024005,52.136346516626745
GCN,150.0,5.11471572962729,51.93317656876283
GCN,150.0,5.154514845230575,51.725910402923475
GCN,150.0,5.194314592545799,51.513941700255955
GCN,150.0,5.234113708149084,51.29773875116632
GCN,150.0,5.273912823752369,51.07742620561009
GCN,150.0,5.313712571067593,50.85224597673323
GCN,150.0,5.353511686670878,50.62237297384715
GCN,150.0,5.393310802274163,50.387847343658294
GCN,150.0,5.433110549589387,50.148351595340124
GCN,150.0,5.472909665192672,49.90420964285849
GCN,150.0,5.512708780795958,49.654641354977116
GCN,150.0,5.552508528111181,49.4001894713303
GCN,150.0,5.592307643714466,49.1407518365068
GCN,150.0,5.632106759317751,48.87561673900418
GCN,150.0,5.6719065066329755,48.60524696207348
GCN,150.0,5.711705622236261,48.32895454730553
GCN,150.0,5.751504737839546,48.047827106702826
GCN,150.0,5.791304485154769,47.760056704895376
GCN,150.0,5.831103600758055,47.46720773184769
GCN,150.0,5.870902716361339,47.16827245014475
GCN,150.0,5.9107024636765635,46.86355355690657
GCN,150.0,5.950501579279849,46.552748131230786
GCN,150.0,5.990300694883134,46.2354382451407
GCN,150.0,6.030100442198358,45.912636493344124
GCN,150.0,6.069899557801643,45.58325212833147
GCN,150.0,6.109699305116867,45.24730887087797
GCN,150.0,6.149498420720152,44.90530552167678
GCN,150.0,6.189297536323437,44.55680925402952
GCN,150.0,6.22909728363866,44.20154163725759
GCN,150.0,6.268896399241946,43.84003824171062
GCN,150.0,6.308695514845231,43.47149562313472
GCN,150.0,6.348496525584333,43.09701290262882
GCN,150.0,6.3882943777637395,42.71526626029745
GCN,150.0,6.428092229943147,42.327259400737454
GCN,150.0,6.467890082122553,41.93225964428759
GCN,150.0,6.507694251421352,41.53033181672982
GCN,150.0,6.547492103600758,41.122035764226226
GCN,150.0,6.587289955780164,40.70678531165975
GCN,150.0,6.62708780795957,40.28485817406542
GCN,150.0,6.666891977258371,39.85612475417171
GCN,150.0,6.706689829437776,39.42123635634745
GCN,150.0,6.746487681617182,38.97969376382071
GCN,150.0,6.786285533796589,38.53175216176349
GCN,150.0,6.826089703095389,38.07676878133337
GCN,150.0,6.865887555274795,37.616003082686
GCN,150.0,6.905685407454201,37.14890644804085
GCN,150.0,6.9454832596336065,36.67607002489545
GCN,150.0,6.985287428932407,36.197477379364166
GCN,150.0,7.025085281111814,35.71238313820502
GCN,150.0,7.064883133291219,35.222288234277364
GCN,150.0,7.104680985470625,34.72678924380468
GCN,150.0,7.1444788376500314,34.22663768041609
GCN,150.0,7.1842830069488315,33.72098079522944
GCN,150.0,7.224080859128238,33.2113666803909
GCN,150.0,7.263878711307644,32.6968991711257
GCN,150.0,7.30367656348705,32.17870834627735
GCN,150.0,7.34348073278585,31.657437160576343
GCN,150.0,7.3832785849652565,31.132174316301953
GCN,150.0,7.423076437144663,30.604911062620857
GCN,150.0,7.462874289324068,30.074441576385688
GCN,150.0,7.502678458622867,29.54223576088896
GCN,150.0,7.542476310802275,29.008641604947837
GCN,150.0,7.5822741629816806,28.473630682465917
GCN,150.0,7.622072015161087,27.9380390338566
GCN,150.0,7.661869867340493,27.402488228589046
GCN,150.0,7.701674036639292,26.86677637449305
GCN,150.0,7.741471888818699,26.33201264314138
GCN,150.0,7.7812697409981055,25.798847555732895
GCN,150.0,7.821067593177512,25.267279563297603
GCN,150.0,7.860871762476311,24.73734806546884
GCN,150.0,7.900669614655716,24.210487911797575
GCN,150.0,7.940467466835124,23.687271714269595
GCN,150.0,7.98026531901453,23.1678477731511
GCN,150.0,8.020069488313329,22.65224048002988
GCN,150.0,8.059867340492735,22.1408383441316
GCN,150.0,8.099665192672141,21.63465274686737
GCN,150.0,8.13946304485155,21.133776626134296
GCN,150.0,8.179267214150348,20.639132637116703
GCN,150.0,8.219065066329753,20.150915084151432
GCN,150.0,8.258862918509159,19.668456534410787
GCN,150.0,8.298660770688565,19.19251594468641
GCN,150.0,8.338458622867973,18.72363733138853
GCN,150.0,8.378262792166772,18.26351775502497
GCN,150.0,8.418060644346179,17.811423793318095
GCN,150.0,8.457858496525585,17.366739355722366
GCN,150.0,8.49765634870499,16.929180730620512
GCN,150.0,8.53746051800379,16.498889020673403
GCN,150.0,8.577258370183197,16.07622097467356
GCN,150.0,8.617056222362603,15.662507276267185
GCN,150.0,8.656854074542009,15.258678634246861
GCN,150.0,8.696658243840808,14.864091420196823
GCN,150.0,8.736456096020214,14.477105698988924
GCN,150.0,8.77625394819962,14.093714775728559
GCN,150.0,8.816051800379027,13.715956207210615
GCN,150.0,8.855855969677828,13.34748647340829
GCN,150.0,8.895653821857234,12.99033755180871
GCN,150.0,8.93545167403664,12.645137226142275
GCN,150.0,8.975249526216045,12.310476428593734
GCN,150.0,9.015047378395451,11.984709827371907
GCN,150.0,9.054851547694252,11.665299718266692
GCN,150.0,9.094649399873658,11.349613102509675
GCN,150.0,9.134447252053064,11.038094747224115
GCN,150.0,9.17424510423247,10.73282001723611
GCN,150.0,9.21404927353127,10.436925140813235
GCN,150.0,9.253847125710676,10.154381664838887
GCN,150.0,9.293644977890082,9.888775652959287
GCN,150.0,9.333442830069488,9.640400113498105
GCN,150.0,9.373246999368288,9.39328694127331
GCN,150.0,9.413044851547696,9.145707226294427
GCN,150.0,9.452842703727102,8.896802711157019
GCN,150.0,9.492640555906506,8.64551902039718
GCN,150.0,9.532438408085913,8.392427971384624
GCN,150.0,9.572242577384712,8.139007074294806
GCN,150.0,9.61204042956412,7.887968713072554
GCN,150.0,9.651838281743526,7.646436335408516
GCN,150.0,9.691636133922932,7.420772732678804
GCN,150.0,9.731440303221731,7.2120482442728635
GCN,150.0,9.771238155401138,7.017607434585433
GCN,150.0,9.811036007580544,6.8340701581972025
GCN,150.0,9.85083385975995,6.6576733280610005
GCN,150.0,9.89063802905875,6.484881287553638
GCN,150.0,9.930435881238155,6.31168893492098
GCN,150.0,9.970233733417562,6.133967876278916
GCN,150.0,10.010031585596968,5.945614144942171
GCN,150.0,10.049835754895767,5.741420561787592
GCN,150.0,10.089633607075173,5.522761051609684
GCN,150.0,10.12943145925458,5.2994840911240395
GCN,150.0,10.169229311433986,5.086205034274023
minimization,150.0,0.2989966519267214,99.00675691560566
minimization,150.0,0.33879595704358817,97.11405563887635
minimization,150.0,0.3785953253316488,95.3626211578046
minimization,150.0,0.4183946304485155,93.73057159572605
minimization,150.0,0.4581939987365761,92.201283836495
minimization,150.0,0.49799330385344287,90.7619247024654
minimization,150.0,0.5377926721415035,89.40263074332682
minimization,150.0,0.5775919772583702,88.11564125904324
minimization,150.0,0.6173912823752369,86.89485129800958
minimization,150.0,0.6571907770056854,85.73537881403632
minimization,150.0,0.6969898926089704,84.6331628340855
minimization,150.0,0.7367890082122552,83.58483347272072
minimization,150.0,0.7765887555274795,82.58745303556215
minimization,150.0,0.8163878711307644,81.63835319268439
minimization,150.0,0.8561869867340492,80.73506773508761
minimization,150.0,0.8959867340492736,79.8753157698617
minimization,150.0,0.9357858496525585,79.05682544653423
minimization,150.0,0.9755855969677827,78.27749770015795
minimization,150.0,1.0153847125710675,77.5351983829763
minimization,150.0,1.0551838281743526,76.82785221620873
minimization,150.0,1.0949835754895767,76.15349984979757
minimization,150.0,1.1347826910928616,75.51019900405448
minimization,150.0,1.1745818066961466,74.89611228743372
minimization,150.0,1.214381554011371,74.30942063615007
minimization,150.0,1.2541806696146558,73.74846637771128
minimization,150.0,1.2939797852179407,73.21162481408862
minimization,150.0,1.333779532533165,72.69737248971116
minimization,150.0,1.3735786481364498,72.20428676160333
minimization,150.0,1.413377763739735,71.73103909661383
minimization,150.0,1.453177511054959,71.27635912589912
minimization,150.0,1.4929766266582438,70.8391004275736
minimization,150.0,1.532775742261529,70.41820275430744
minimization,150.0,1.5725754895767532,70.01263025801522
minimization,150.0,1.6123746051800378,69.6215420365452
minimization,150.0,1.652173720783323,69.24404854005135
minimization,150.0,1.6919734680985472,68.87937222968176
minimization,150.0,1.7317725837018318,68.5267919721934
minimization,150.0,1.771571699305117,68.18569441324898
minimization,150.0,1.8113714466203412,67.85539752971059
minimization,150.0,1.8511705622236259,67.53542566130498
minimization,150.0,1.890969677826911,67.22521040598052
minimization,150.0,1.9307694251421352,66.92429309466483
minimization,150.0,1.9705685407454203,66.63223759931701
minimization,150.0,2.010367656348705,66.34866087982414
minimization,150.0,2.050167403663929,66.07313573078818
minimization,150.0,2.089966519267214,65.80533298361098
minimization,150.0,2.129765634870499,65.5449464894672
minimization,150.0,2.169565382185723,65.29163310646379
minimization,150.0,2.209364497789008,65.0451467323501
minimization,150.0,2.249163613392293,64.80517387812779
minimization,150.0,2.2889633607075175,64.57146362611437
minimization,150.0,2.328762476310802,64.34377284159397
minimization,150.0,2.368561591914087,64.12188002364918
minimization,150.0,2.4083613392293115,63.90553751855206
minimization,150.0,2.448160454832596,63.69454362363945
minimization,150.0,2.4879595704358817,63.48866141290287
minimization,150.0,2.5277593177511055,63.2877155041049
minimization,150.0,2.56755843335439,63.091488258909635
minimization,150.0,2.6073575489576757,62.899778097752055
minimization,150.0,2.6471572962728995,62.71242985412708
minimization,150.0,2.686956411876184,62.52925782257933
minimization,150.0,2.726756159191409,62.35004083635732
minimization,150.0,2.7665552747946935,62.17460047823845
minimization,150.0,2.8063543903979786,62.00276968261613
minimization,150.0,2.846154137713203,61.8342885359607
minimization,150.0,2.8859532533164876,61.66946322490559
minimization,150.0,2.9257523689197726,61.50714759561712
minimization,150.0,2.965552116234997,61.34829153703551
minimization,150.0,3.0053512318382816,61.19184614359257
minimization,150.0,3.0451503474415667,61.03824579945386
minimization,150.0,3.084950094756791,60.88693004648734
minimization,150.0,3.124749210360076,60.73776181084623
minimization,150.0,3.1645483259633607,60.59101704140102
minimization,150.0,3.204348073278585,60.44617468280327
minimization,150.0,3.2441471888818696,60.30289694422561
minimization,150.0,3.283946304485155,60.161506807844546
minimization,150.0,3.323746051800379,60.021332781848834
minimization,150.0,3.3635451674036636,59.882552113954226
minimization,150.0,3.403344283006949,59.74533137337922
minimization,150.0,3.443144030322173,59.60866194666504
minimization,150.0,3.4829431459254576,59.47322844001464
minimization,150.0,3.522742261528743,59.33814499303667
minimization,150.0,3.562542008843967,59.20416345611826
minimization,150.0,3.6023411244472525,59.0701909005782
minimization,150.0,3.642140240050537,58.93668489888428
minimization,150.0,3.681939987365761,58.80353439449053
minimization,150.0,3.7217391029690465,58.670390200608004
minimization,150.0,3.761538218572331,58.536952200637394
minimization,150.0,3.801337965887555,58.403374626483796
minimization,150.0,3.8411370814908405,58.26950191161757
minimization,150.0,3.880936197094125,58.13528776209886
minimization,150.0,3.92073594440935,58.000188687346856
minimization,150.0,3.9605350600126346,57.86469020969051
minimization,150.0,4.00033417561592,57.72810042607657
minimization,150.0,4.040133922931144,57.59020649630306
minimization,150.0,4.079933038534429,57.451914910345465
minimization,150.0,4.119732154137713,57.311684289702214
minimization,150.0,4.1595319014529375,57.17059823287345
minimization,150.0,4.199331017056222,57.027811008483496
minimization,150.0,4.239130132659508,56.88327233192924
minimization,150.0,4.278929879974732,56.737476629975426
minimization,150.0,4.318728995578017,56.58961790472909
minimization,150.0,4.358528742893241,56.439769478087655
minimization,150.0,4.3983278584965255,56.28827359766536
minimization,150.0,4.43812697409981,56.134295548208726
minimization,150.0,4.477926721415035,55.97818468078479
minimization,150.0,4.51772583701832,55.81914275397576
minimization,150.0,4.557524952621605,55.65829646958213
minimization,150.0,4.597324699936829,55.49460211336334
minimization,150.0,4.6371238155401135,55.328240226813044
minimization,150.0,4.676922931143398,55.1589446657085
minimization,150.0,4.716722678458623,54.98683172060419
minimization,150.0,4.756521794061908,54.81151930143546
minimization,150.0,4.796320909665193,54.6334428796952
minimization,150.0,4.836120656980417,54.45174160717496
minimization,150.0,4.875919772583702,54.267134661700624
minimization,150.0,4.915718888186986,54.07827011230785
minimization,150.0,4.955518635502211,53.88638114912903
minimization,150.0,4.995317751105496,53.69077009233614
minimization,150.0,5.035116866708781,53.491394651709044
minimization,150.0,5.074916614024005,53.288105931751474
minimization,150.0,5.11471572962729,53.080924201129385
minimization,150.0,5.154514845230575,52.86951000654036
minimization,150.0,5.194314592545799,52.65371181359836
minimization,150.0,5.234113708149084,52.43358448606037
minimization,150.0,5.273912823752369,52.20949131283903
minimization,150.0,5.313712571067593,51.98031741016509
minimization,150.0,5.353511686670878,51.74688339864957
minimization,150.0,5.393310802274163,51.50851024817742
minimization,150.0,5.433110549589387,51.26517244889733
minimization,150.0,5.472909665192672,51.01723827003948
minimization,150.0,5.512708780795958,50.76389009377175
minimization,150.0,5.552508528111181,50.50565586071465
minimization,150.0,5.592307643714466,50.242270234213926
minimization,150.0,5.632106759317751,49.97329201069026
minimization,150.0,5.6719065066329755,49.69892703791162
minimization,150.0,5.711705622236261,49.418597714611046
minimization,150.0,5.751504737839546,49.1330222874678
minimization,150.0,5.791304485154769,48.84130523066692
minimization,150.0,5.831103600758055,48.54427091921609
minimization,150.0,5.870902716361339,48.24079621997261
minimization,150.0,5.9107024636765635,47.93145165828346
minimization,150.0,5.950501579279849,47.61610800469622
minimization,150.0,5.990300694883134,47.29447284175634
minimization,150.0,6.030100442198358,46.966585898643174
minimization,150.0,6.069899557801643,46.63215157083984
minimization,150.0,6.109699305116867,46.29088900111232
minimization,150.0,6.149498420720152,45.94386074676194
minimization,150.0,6.189297536323437,45.58985587366847
minimization,150.0,6.22909728363866,45.2287566339678
minimization,150.0,6.268896399241946,44.861562543905066
minimization,150.0,6.308695514845231,44.48706019992367
minimization,150.0,6.348496525584333,44.10589421742613
minimization,150.0,6.3882943777637395,43.71763693047104
minimization,150.0,6.428092229943147,43.32284954026111
minimization,150.0,6.467890082122553,42.92078341811401
minimization,150.0,6.507694251421352,42.511623032206245
minimization,150.0,6.547492103600758,42.09591699724688
minimization,150.0,6.587289955780164,41.67277811852774
minimization,150.0,6.62708780795957,41.242508438496955
minimization,150.0,6.666891977258371,40.805346054233134
minimization,150.0,6.706689829437776,40.36162704513729
minimization,150.0,6.746487681617182,39.91091292505135
minimization,150.0,6.786285533796589,39.45326374838764
minimization,150.0,6.826089703095389,38.98849291447478
minimization,150.0,6.865887555274795,38.51746473790847
minimization,150.0,6.905685407454201,38.0398052340007
minimization,150.0,6.9454832596336065,37.55562521535357
minimization,150.0,6.985287428932407,37.06575279973986
minimization,150.0,7.025085281111814,36.56871820235546
minimization,150.0,7.064883133291219,36.066475578316435
minimization,150.0,7.104680985470625,35.55833838998988
minimization,150.0,7.1444788376500314,35.044816933367564
minimization,150.0,7.1842830069488315,34.52602321659792
minimization,150.0,7.224080859128238,34.002412182450094
minimization,150.0,7.263878711307644,33.47346738877712
minimization,150.0,7.30367656348705,32.94056811176375
minimization,150.0,7.34348073278585,32.404328981836805
minimization,150.0,7.3832785849652565,31.863464735116285
minimization,150.0,7.423076437144663,31.32008106090887
minimization,150.0,7.462874289324068,30.773537489309014
minimization,150.0,7.502678458622867,30.22485093455231
minimization,150.0,7.542476310802275,29.674025380817657
minimization,150.0,7.5822741629816806,29.12203871952671
minimization,150.0,7.622072015161087,28.56893988380208
minimization,150.0,7.661869867340493,28.01587524906803
minimization,150.0,7.701674036639292,27.46203451713409
minimization,150.0,7.741471888818699,26.90910449278861
minimization,150.0,7.7812697409981055,26.357959600511265
minimization,150.0,7.821067593177512,25.808044534123493
minimization,150.0,7.860871762476311,25.25994695783553
minimization,150.0,7.900669614655716,24.71475535246851
minimization,150.0,7.940467466835124,24.173153709035066
minimization,150.0,7.98026531901453,23.63529489887083
minimization,150.0,8.020069488313329,23.10176144109956
minimization,150.0,8.059867340492735,22.57271566457066
minimization,150.0,8.099665192672141,22.04895212279687
minimization,150.0,8.13946304485155,21.530488047976387
minimization,150.0,8.179267214150348,21.018323422544537
minimization,150.0,8.219065066329753,20.513312507452238
minimization,150.0,8.258862918509159,20.014760502883473
minimization,150.0,8.298660770688565,19.523187586103887
minimization,150.0,8.338458622867973,19.038199968045724
minimization,150.0,8.378262792166772,18.56210064004778
minimization,150.0,8.418060644346179,18.09495993530944
minimization,150.0,8.457858496525585,17.63626142726066
minimization,150.0,8.49765634870499,17.18539327926487
minimization,150.0,8.53746051800379,16.74225358215035
minimization,150.0,8.577258370183197,16.30677546586437
minimization,150.0,8.617056222362603,15.880220802027338
minimization,150.0,8.656854074542009,15.463675275014921
minimization,150.0,8.696658243840808,15.057461790835005
minimization,150.0,8.736456096020214,14.66046614360254
minimization,150.0,8.77625394819962,14.269207094824202
minimization,150.0,8.816051800379027,13.88220833682772
minimization,150.0,8.855855969677828,13.503411627463896
minimization,150.0,8.895653821857234,13.1357399938602
minimization,150.0,8.93545167403664,12.78064555102588
minimization,150.0,8.975249526216045,12.437159713969843
minimization,150.0,9.015047378395451,12.103780064459478
minimization,150.0,9.054851547694252,11.778136366025421
minimization,150.0,9.094649399873658,11.457018538692306
minimization,150.0,9.134447252053064,11.140082654045118
minimization,150.0,9.17424510423247,10.828725487154427
minimization,150.0,9.21404927353127,10.525927152925737
minimization,150.0,9.253847125710676,10.23570416192998
minimization,150.0,9.293644977890082,9.96198628547157
minimization,150.0,9.333442830069488,9.706369186612452
minimization,150.0,9.373246999368288,9.457920395648529
minimization,150.0,9.413044851547696,9.208083966316822
minimization,150.0,9.452842703727102,8.957289910655861
minimization,150.0,9.492640555906506,8.70421320096286
minimization,150.0,9.532438408085913,8.449178039199106
minimization,150.0,9.572242577384712,8.193446993423429
minimization,150.0,9.61204042956412,7.939452539267105
minimization,150.0,9.651838281743526,7.693321987876981
minimization,150.0,9.691636133922932,7.462537244426696
minimization,150.0,9.731440303221731,7.249205634618634
minimization,150.0,9.771238155401138,7.050999552244087
minimization,150.0,9.811036007580544,6.864556152242473
minimization,150.0,9.85083385975995,6.686035865584743
minimization,150.0,9.89063802905875,6.511814160638312
minimization,150.0,9.930435881238155,6.337862219894583
minimization,150.0,9.970233733417562,6.160090913661799
minimization,150.0,10.010031585596968,5.972559055140285
minimization,150.0,10.049835754895767,5.769513533711088
minimization,150.0,10.089633607075173,5.551206294341655
minimization,150.0,10.12943145925458,5.326586596169334
minimization,150.0,10.169229311433986,5.110290112781807
