flavor_mode,phase,nBH_over_n0,T_nuc_MeV
saddlepoint,unpaired,0.1,93.74951123548918
saddlepoint,unpaired,0.13979930511686672,88.75521884701669
saddlepoint,unpaired,0.17959867340492736,84.554330850753
saddlepoint,unpaired,0.21939797852179407,80.94913621189541
saddlepoint,unpaired,0.25919734680985473,77.81649259240913
saddlepoint,unpaired,0.2989966519267214,75.0719118078073
saddlepoint,unpaired,0.33879595704358817,72.652866556995
saddlepoint,unpaired,0.3785953253316488,70.51040533089218
saddlepoint,unpaired,0.4183946304485155,68.60467682586197
saddlepoint,unpaired,0.4581939987365761,66.90254876090033
saddlepoint,unpaired,0.49799330385344287,65.37600967349739
saddlepoint,unpaired,0.5377926721415035,64.00123853304017
saddlepoint,unpaired,0.5775919772583702,62.757813222197086
saddlepoint,unpaired,0.6173912823752369,61.628372760008745
saddlepoint,unpaired,0.6571907770056854,60.598016198289706
saddlepoint,unpaired,0.6969898926089704,59.65396637673949
saddlepoint,unpaired,0.7367890082122552,58.7853046504627
saddlepoint,unpaired,0.7765887555274795,57.982663447085855
saddlepoint,unpaired,0.8163878711307644,57.2379406931566
saddlepoint,unpaired,0.8561869867340492,56.54408219379171
saddlepoint,unpaired,0.8959867340492736,55.89516487960199
saddlepoint,unpaired,0.9357858496525585,55.285891843601824
saddlepoint,unpaired,0.9755855969677827,54.71176010086855
saddlepoint,unpaired,1.0153847125710675,54.16874373864851
saddlepoint,unpaired,1.0551838281743526,53.65350795628197
saddlepoint,unpaired,1.0949835754895767,53.16300302201334
saddlepoint,unpaired,1.1347826910928616,52.69470144770273
saddlepoint,unpaired,1.1745818066961466,52.24626816127753
saddlepoint,unpaired,1.214381554011371,51.8157521895257
saddlepoint,unpaired,1.2541806696146558,51.40142988821633
saddlepoint,unpaired,1.2939797852179407,51.00188858517977
saddlepoint,unpaired,1.333779532533165,50.61579945884672
saddlepoint,unpaired,1.3735786481364498,50.24205371910894
saddlepoint,unpaired,1.413377763739735,49.87963888119565
saddlepoint,unpaired,1.453177511054959,49.527790079029174
saddlepoint,unpaired,1.4929766266582438,49.18572679786077
saddlepoint,unpaired,1.532775742261529,48.85291753362757
saddlepoint,unpaired,1.5725754895767532,48.52873692242906
saddlepoint,unpaired,1.6123746051800378,48.21275242044716
saddlepoint,unpaired,1.652173720783323,47.9045822571114
saddlepoint,unpaired,1.6919734680985472,47.60381327717922
saddlepoint,unpaired,1.7317725837018318,47.31023827497955
saddlepoint,unpaired,1.771571699305117,47.0235631617164
saddlepoint,unpaired,1.8113714466203412,46.74357435186671
saddlepoint,unpaired,1.8511705622236259,46.470052651614225
saddlepoint,unpaired,1.890969677826911,46.20281125961687
saddlepoint,unpaired,1.9307694251421352,45.94167663147039
saddlepoint,unpaired,1.9705685407454203,45.68658702326048
saddlepoint,unpaired,2.010367656348705,45.437350975741396
saddlepoint,unpaired,2.050167403663929,45.19384858259529
saddlepoint,unpaired,2.089966519267214,44.95600973267939
saddlepoint,unpaired,2.129765634870499,44.72370985041185
saddlepoint,unpaired,2.169565382185723,44.49682842704563
saddlepoint,unpaired,2.209364497789008,44.27525374786228
saddlepoint,unpaired,2.249163613392293,44.058905364051
saddlepoint,unpaired,2.2889633607075175,43.847808429774254
saddlepoint,unpaired,2.328762476310802,43.64155888300109
saddlepoint,unpaired,2.368561591914087,43.44002702400788
saddlepoint,unpaired,2.4083613392293115,43.24364928127842
saddlepoint,unpaired,2.448160454832596,43.05168498184545
saddlepoint,unpaired,2.4879595704358817,42.86467136122534
saddlepoint,unpaired,2.5277593177511055,42.68186761966129
saddlepoint,unpaired,2.56755843335439,42.50322784688624
saddlepoint,unpaired,2.6073575489576757,42.329015012618235
saddlepoint,unpaired,2.6471572962728995,42.15875026360913
saddlepoint,unpaired,2.686956411876184,41.99268748888297
saddlepoint,unpaired,2.726756159191409,41.830240620544174
saddlepoint,unpaired,2.7665552747946935,41.67121775939548
saddlepoint,unpaired,2.8063543903979786,41.5159342093876
saddlepoint,unpaired,2.846154137713203,41.36414579728805
saddlepoint,unpaired,2.8859532533164876,41.215615682230656
saddlepoint,unpaired,2.9257523689197726,41.069983276462736
saddlepoint,unpaired,2.965552116234997,40.927492281705916
saddlepoint,unpaired,3.0053512318382816,40.787491772852015
saddlepoint,unpaired,3.0451503474415667,40.6500876549071
saddlepoint,unpaired,3.084950094756791,40.51528321109733
saddlepoint,unpaired,3.124749210360076,40.382488652742296
saddlepoint,unpaired,3.1645483259633607,40.25218353111703
saddlepoint,unpaired,3.204348073278585,40.12356567287165
saddlepoint,unpaired,3.2441471888818696,39.99678292012917
saddlepoint,unpaired,3.283946304485155,39.87185995753359
saddlepoint,unpaired,3.323746051800379,39.74799836865537
saddlepoint,unpaired,3.3635451674036636,39.625603056264566
saddlepoint,unpaired,3.403344283006949,39.504412305854224
saddlepoint,unpaired,3.443144030322173,39.383880138845385
saddlepoint,unpaired,3.4829431459254576,39.26434986708547
saddlepoint,unpaired,3.522742261528743,39.14517145596398
saddlepoint,unpaired,3.562542008843967,39.02685537598794
saddlepoint,unpaired,3.6023411244472525,38.90887491066488
saddlepoint,unpaired,3.642140240050537,38.790579305559156
saddlepoint,unpaired,3.681939987365761,38.672681703091285
saddlepoint,unpaired,3.7217391029690465,38.55429876044169
saddlepoint,unpaired,3.761538218572331,38.43571405025612
saddlepoint,unpaired,3.801337965887555,38.31633214030937
saddlepoint,unpaired,3.8411370814908405,38.19670926145728
saddlepoint,unpaired,3.880936197094125,38.07602956152644
saddlepoint,unpaired,3.92073594440935,37.954641731744324
saddlepoint,unpaired,3.9605350600126346,37.83224030154793
saddlepoint,unpaired,4.00033417561592,37.70812864368421
saddlepoint,unpaired,4.040133922931144,37.583049068692134
saddlepoint,unpaired,4.079933038534429,37.45650625162055
saddlepoint,unpaired,4.119732154137713,37.327925152358915
saddlepoint,unpaired,4.1595319014529375,37.198055979050686
saddlepoint,unpaired,4.199331017056222,37.06616115310418
saddlepoint,unpaired,4.239130132659508,36.93246863377145
saddlepoint,unpaired,4.278929879974732,36.7965871214162
saddlepoint,unpaired,4.318728995578017,36.65844432807092
saddlepoint,unpaired,4.358528742893241,36.51785999044912
saddlepoint,unpaired,4.3983278584965255,36.37484102836735
saddlepoint,unpaired,4.43812697409981,36.22965196801861
saddlepoint,unpaired,4.477926721415035,36.08135419284351
saddlepoint,unpaired,4.51772583701832,35.930387005117474
saddlepoint,unpaired,4.557524952621605,35.77660947709942
saddlepoint,unpaired,4.597324699936829,35.61985362925618
saddlepoint,unpaired,4.6371238155401135,35.46004755110899
saddlepoint,unpaired,4.676922931143398,35.29725843264852
saddlepoint,unpaired,4.716722678458623,35.13111051665609
saddlepoint,unpaired,4.756521794061908,34.961667478550055
saddlepoint,unpaired,4.796320909665193,34.789362377627754
saddlepoint,unpaired,4.836120656980417,34.61276859714195
saddlepoint,unpaired,4.875919772583702,34.43313746221485
saddlepoint,unpaired,4.915718888186986,34.24958620693486
saddlepoint,unpaired,4.955518635502211,34.06239277451848
saddlepoint,unpaired,4.995317751105496,33.87163625400019
saddlepoint,unpaired,5.035116866708781,33.67696191029289
saddlepoint,unpaired,5.074916614024005,33.47833682457299
saddlepoint,unpaired,5.11471572962729,33.27558030678744
saddlepoint,unpaired,5.154514845230575,33.06823272174349
saddlepoint,unpaired,5.194314592545799,32.85734205473619
saddlepoint,unpaired,5.234113708149084,32.64220794860648
saddlepoint,unpaired,5.273912823752369,32.42261668429812
saddlepoint,unpaired,5.313712571067593,32.1985584722282
saddlepoint,unpaired,5.353511686670878,31.969951233240987
saddlepoint,unpaired,5.393310802274163,31.737148585683247
saddlepoint,unpaired,5.433110549589387,31.499731650663065
saddlepoint,unpaired,5.472909665192672,31.257383967921125
saddlepoint,unpaired,5.512708780795958,31.010719893334326
saddlepoint,unpaired,5.552508528111181,30.75896177514611
saddlepoint,unpaired,5.592307643714466,30.502855898882867
saddlepoint,unpaired,5.632106759317751,30.24170994527479
saddlepoint,unpaired,5.6719065066329755,29.976283736444707
saddlepoint,unpaired,5.711705622236261,29.705132191921376
saddlepoint,unpaired,5.751504737839546,29.429264715925456
saddlepoint,unpaired,5.791304485154769,29.148527693370674
saddlepoint,unpaired,5.831103600758055,28.863039423270024
saddlepoint,unpaired,5.870902716361339,28.57208604784458
saddlepoint,unpaired,5.9107024636765635,28.276441929976126
saddlepoint,unpaired,5.950501579279849,27.976000180441428
saddlepoint,unpaired,5.990300694883134,27.670374585926357
saddlepoint,unpaired,6.030100442198358,27.359855333252494
saddlepoint,unpaired,6.069899557801643,27.04447718009734
saddlepoint,unpaired,6.109699305116867,26.724042767939128
saddlepoint,unpaired,6.149498420720152,26.398623164605596
saddlepoint,unpaired,6.189297536323437,26.06865629397189
saddlepoint,unpaired,6.22909728363866,25.73410573376347
saddlepoint,unpaired,6.268896399241946,25.3957098372907
saddlepoint,unpaired,6.308695514845231,25.051655297728786
saddlepoint,unpaired,6.348496525584333,24.703844776339153
saddlepoint,unpaired,6.3882943777637395,24.351108561765525
saddlepoint,unpaired,6.428092229943147,23.995167448596945
saddlepoint,unpaired,6.467890082122553,23.634375104221512
saddlepoint,unpaired,6.507694251421352,23.270610035906945
saddlepoint,unpaired,6.547492103600758,22.903865700135647
saddlepoint,unpaired,6.587289955780164,22.533156329283965
saddlepoint,unpaired,6.62708780795957,22.159698093684995
saddlepoint,unpaired,6.666891977258371,21.783235309153522
saddlepoint,unpaired,6.706689829437776,21.403903572768275
saddlepoint,unpaired,6.746487681617182,21.022679318017982
saddlepoint,unpaired,6.786285533796589,20.64080475812885
saddlepoint,unpaired,6.826089703095389,20.25709688051437
saddlepoint,unpaired,6.865887555274795,19.871560729167363
saddlepoint,unpaired,6.905685407454201,19.485488202242845
saddlepoint,unpaired,6.9454832596336065,19.099279703354348
saddlepoint,unpaired,6.985287428932407,18.712089361201937
saddlepoint,unpaired,7.025085281111814,18.32683638685138
saddlepoint,unpaired,7.064883133291219,17.942795839349046
saddlepoint,unpaired,7.104680985470625,17.56027350846246
saddlepoint,unpaired,7.1444788376500314,17.179055752222183
saddlepoint,unpaired,7.1842830069488315,16.799119205050417
saddlepoint,unpaired,7.224080859128238,16.42074717549409
saddlepoint,unpaired,7.263878711307644,16.044935608648977
saddlepoint,unpaired,7.30367656348705,15.673072410898166
saddlepoint,unpaired,7.34348073278585,15.305689989765352
saddlepoint,unpaired,7.3832785849652565,14.94348188016542
saddlepoint,unpaired,7.423076437144663,14.58494837527046
saddlepoint,unpaired,7.462874289324068,14.22843960342036
saddlepoint,unpaired,7.502678458622867,13.872346454580283
saddlepoint,unpaired,7.542476310802275,13.521082889996098
saddlepoint,unpaired,7.5822741629816806,13.177032752483028
saddlepoint,unpaired,7.622072015161087,12.841552408593179
saddlepoint,unpaired,7.661869867340493,12.514694397822918
saddlepoint,unpaired,7.701674036639292,12.195461869050359
saddlepoint,unpaired,7.741471888818699,11.882222319835336
saddlepoint,unpaired,7.7812697409981055,11.572403380675802
saddlepoint,unpaired,7.821067593177512,11.264728535842828
saddlepoint,unpaired,7.860871762476311,10.960324616586076
saddlepoint,unpaired,7.900669614655716,10.661214918719836
saddlepoint,unpaired,7.940467466835124,10.371011468211371
saddlepoint,unpaired,7.98026531901453,10.094340873604414
saddlepoint,unpaired,8.020069488313329,9.833429252593897
saddlepoint,unpaired,8.059867340492735,9.586951046856518
saddlepoint,unpaired,8.099665192672141,9.339030095285308
saddlepoint,unpaired,8.13946304485155,9.089963684269986
saddlepoint,unpaired,8.179267214150348,8.838371570791958
saddlepoint,unpaired,8.219065066329753,8.584052698904257
saddlepoint,unpaired,8.258862918509159,8.32720691305899
saddlepoint,unpaired,8.298660770688565,8.070356205990969
saddlepoint,unpaired,8.338458622867973,7.8162783720101325
saddlepoint,unpaired,8.378262792166772,7.574054681675354
saddlepoint,unpaired,8.418060644346179,7.348960948053969
saddlepoint,unpaired,8.457858496525585,7.140375871068006
saddlepoint,unpaired,8.49765634870499,6.945165729132216
saddlepoint,unpaired,8.53746051800379,6.759456568449833
saddlepoint,unpaired,8.577258370183197,6.57951401889038
saddlepoint,unpaired,8.617056222362603,6.401166695035789
saddlepoint,unpaired,8.656854074542009,6.220009011608594
saddlepoint,unpaired,8.696658243840808,6.030357377987973
saddlepoint,unpaired,8.736456096020214,5.825506141956683
saddlepoint,unpaired,8.77625394819962,5.602745502021891
saddlepoint,unpaired,8.816051800379027,5.369783213009621
saddlepoint,unpaired,8.855855969677828,5.142048102153048
saddlepoint,unpaired,8.895653821857234,4.9343912464463235
saddlepoint,unpaired,8.93545167403664,4.753458768652754
saddlepoint,unpaired,8.975249526216045,4.5989147645169
saddlepoint,unpaired,9.015047378395451,4.477733917737513
saddlepoint,unpaired,9.054851547694252,4.387858018616359
saddlepoint,unpaired,9.094649399873658,4.301851757776661
saddlepoint,unpaired,9.134447252053064,4.218337311612501
saddlepoint,unpaired,9.17424510423247,4.136516790910656
saddlepoint,unpaired,9.21404927353127,4.0553990225118
saddlepoint,unpaired,9.253847125710676,3.9742952724721747
saddlepoint,unpaired,9.293644977890082,3.892443887272354
saddlepoint,unpaired,9.333442830069488,3.808600965685397
saddlepoint,unpaired,9.373246999368288,3.7219603494190503
saddlepoint,unpaired,9.413044851547696,3.631555553045788
saddlepoint,unpaired,9.452842703727102,3.5366373550390837
saddlepoint,unpaired,9.492640555906506,3.4369620215466794
saddlepoint,unpaired,9.532438408085913,3.332457022409605
saddlepoint,unpaired,9.572242577384712,3.2234535979892813
saddlepoint,unpaired,9.61204042956412,3.1109762582211493
saddlepoint,unpaired,9.651838281743526,2.9965613348294227
saddlepoint,unpaired,9.691636133922932,2.882179730747382
saddlepoint,unpaired,9.731440303221731,2.7710293404807302
saddlepoint,unpaired,9.771238155401138,2.6642528548768656
saddlepoint,unpaired,9.811036007580544,2.563552335886318
saddlepoint,unpaired,9.85083385975995,2.4701533395089115
saddlepoint,unpaired,9.89063802905875,2.3844477195852374
saddlepoint,unpaired,9.930435881238155,2.3065076151509905
saddlepoint,unpaired,9.970233733417562,2.2360066242569347
saddlepoint,unpaired,10.010031585596968,2.172451866007189
saddlepoint,unpaired,10.049835754895767,2.115126546927257
saddlepoint,unpaired,10.089633607075173,2.063363573890254
saddlepoint,unpaired,10.12943145925458,2.016685517497946
saddlepoint,unpaired,10.169229311433986,1.9745635542417694
saddlepoint,unpaired,10.209027163613394,1.9363668058381043
saddlepoint,unpaired,10.248831332912193,1.9014950204157597
saddlepoint,unpaired,10.288629185091597,1.8695541430381555
saddlepoint,unpaired,10.328427037271004,1.8401292112769625
saddlepoint,unpaired,10.36822488945041,1.8129437602456497
saddlepoint,unpaired,10.40802905874921,1.787749224655609
saddlepoint,unpaired,10.447826910928617,1.764331779344988
saddlepoint,unpaired,10.487624763108023,1.742527024003989
saddlepoint,unpaired,10.52742261528743,1.722146063798871
saddlepoint,unpaired,10.567226784586229,1.7030718326918153
saddlepoint,unpaired,10.607024636765635,1.6846665593451775
saddlepoint,unpaired,10.646822488945041,1.667053745573717
saddlepoint,unpaired,10.686620341124447,1.6504563953086426
saddlepoint,unpaired,10.726424510423248,1.6347776928717908
saddlepoint,unpaired,10.766222362602655,1.6199610366176243
saddlepoint,unpaired,10.806020214782059,1.6059444916959813
saddlepoint,unpaired,10.845818066961465,1.592671602741545
saddlepoint,unpaired,10.885615919140871,1.5800985582482543
saddlepoint,unpaired,10.925420088439672,1.5681630283133194
saddlepoint,unpaired,10.965217940619079,1.5568296311853058
saddlepoint,unpaired,11.005015792798485,1.5460596863697535
saddlepoint,unpaired,11.044813644977891,1.5358167849029127
saddlepoint,unpaired,11.08461781427669,1.5260683033108065
saddlepoint,unpaired,11.124415666456096,1.5167831192566825
saddlepoint,unpaired,11.164213518635503,1.507933220382158
saddlepoint,unpaired,11.204011370814909,1.4994879232525924
saddlepoint,unpaired,11.243815540113708,1.491434675717557
saddlepoint,unpaired,11.283613392293114,1.483739572687411
saddlepoint,unpaired,11.32341124447252,1.4763912928296845
saddlepoint,unpaired,11.363209096651927,1.4693632102531062
saddlepoint,unpaired,11.403006948831333,1.462640533593654
saddlepoint,unpaired,11.442811118130132,1.4562079208385983
saddlepoint,unpaired,11.482608970309538,1.4501158033513286
saddlepoint,unpaired,11.522406822488946,1.4501158033513286
saddlepoint,unpaired,11.562204674668353,1.4501158033513286
saddlepoint,unpaired,11.602008843967152,1.4501158033513286
saddlepoint,unpaired,11.641806696146556,1.4501158033513286
saddlepoint,unpaired,11.681604548325963,1.4501158033513286
saddlepoint,unpaired,11.72140240050537,1.4501158033513286
saddlepoint,unpaired,11.76120656980417,1.4501158033513286
saddlepoint,unpaired,11.801004421983576,1.4501158033513286
saddlepoint,unpaired,11.840802274162982,1.4501158033513286
saddlepoint,unpaired,11.880600126342388,1.4501158033513286
saddlepoint,unpaired,11.920404295641188,1.4501158033513286
saddlepoint,unpaired,11.960202147820594,1.4501158033513286
saddlepoint,unpaired,12.0,1.4501158033513286
saddlepoint,cfl,0.8561869867340492,55.93869232931373
saddlepoint,cfl,0.8959867340492736,53.92515539764426
saddlepoint,cfl,0.9357858496525585,52.09251046962304
saddlepoint,cfl,0.9755855969677827,50.427815899534444
saddlepoint,cfl,1.0153847125710675,48.914099285765055
saddlepoint,cfl,1.0551838281743526,47.53637593113009
saddlepoint,cfl,1.0949835754895767,46.27499289417246
saddlepoint,cfl,1.1347826910928616,45.11402371663837
saddlepoint,cfl,1.1745818066961466,44.03926859192498
saddlepoint,cfl,1.214381554011371,43.038223914403986
saddlepoint,cfl,1.2541806696146558,42.100745693887504
saddlepoint,cfl,1.2939797852179407,41.21821550750619
saddlepoint,cfl,1.333779532533165,40.38349475583687
saddlepoint,cfl,1.3735786481364498,39.590700442407545
saddlepoint,cfl,1.413377763739735,38.83498129323477
saddlepoint,cfl,1.453177511054959,38.11223535820594
saddlepoint,cfl,1.4929766266582438,37.41913741728405
saddlepoint,cfl,1.532775742261529,36.752757093396845
saddlepoint,cfl,1.5725754895767532,36.11091031943716
saddlepoint,cfl,1.6123746051800378,35.49156298601738
saddlepoint,cfl,1.652173720783323,34.893133376497914
saddlepoint,cfl,1.6919734680985472,34.314249840582214
saddlepoint,cfl,1.7317725837018318,33.753765323992404
saddlepoint,cfl,1.771571699305117,33.210747957316556
saddlepoint,cfl,1.8113714466203412,32.6844254736854
saddlepoint,cfl,1.8511705622236259,32.17414939837583
saddlepoint,cfl,1.890969677826911,31.679327943811693
saddlepoint,cfl,1.9307694251421352,31.19947283076723
saddlepoint,cfl,1.9705685407454203,30.734343843255356
saddlepoint,cfl,2.010367656348705,30.28347471591876
saddlepoint,cfl,2.050167403663929,29.846551220295368
saddlepoint,cfl,2.089966519267214,29.42318279209146
saddlepoint,cfl,2.129765634870499,29.012989862347265
saddlepoint,cfl,2.169565382185723,28.61656186766086
saddlepoint,cfl,2.209364497789008,28.232517595685433
saddlepoint,cfl,2.249163613392293,27.861355043264318
saddlepoint,cfl,2.2889633607075175,27.5029176998666
saddlepoint,cfl,2.328762476310802,27.156296381305864
saddlepoint,cfl,2.368561591914087,26.82151631886434
saddlepoint,cfl,2.4083613392293115,26.49838367310419
saddlepoint,cfl,2.448160454832596,26.186502620608024
saddlepoint,cfl,2.4879595704358817,25.88522461115234
saddlepoint,cfl,2.5277593177511055,25.593998569679712
saddlepoint,cfl,2.56755843335439,25.31301804477239
saddlepoint,cfl,2.6073575489576757,25.04161452086563
saddlepoint,cfl,2.6471572962728995,24.778710636654555
saddlepoint,cfl,2.686956411876184,24.52482179379949
saddlepoint,cfl,2.726756159191409,24.27884148114162
saddlepoint,cfl,2.7665552747946935,24.040734363951263
saddlepoint,cfl,2.8063543903979786,23.809414305140642
saddlepoint,cfl,2.846154137713203,23.58487153474737
saddlepoint,cfl,2.8859532533164876,23.36624319873509
saddlepoint,cfl,2.9257523689197726,23.153522440467427
saddlepoint,cfl,2.965552116234997,22.945774071087033
saddlepoint,cfl,3.0053512318382816,22.74280293688958
saddlepoint,cfl,3.0451503474415667,22.54458405817523
saddlepoint,cfl,3.084950094756791,22.34995240993118
saddlepoint,cfl,3.124749210360076,22.159430039705107
saddlepoint,cfl,3.1645483259633607,21.971618326095886
saddlepoint,cfl,3.204348073278585,21.78696663273991
saddlepoint,cfl,3.2441471888818696,21.604468171707214
saddlepoint,cfl,3.283946304485155,21.425050029342927
saddlepoint,cfl,3.323746051800379,21.24701468074637
saddlepoint,cfl,3.3635451674036636,21.070473564294954
saddlepoint,cfl,3.403344283006949,20.895948077249532
saddlepoint,cfl,3.443144030322173,20.72241572523016
saddlepoint,cfl,3.4829431459254576,20.549846835640416
saddlepoint,cfl,3.522742261528743,20.37833670728984
saddlepoint,cfl,3.562542008843967,20.2068951165966
saddlepoint,cfl,3.6023411244472525,20.036475538719344
saddlepoint,cfl,3.642140240050537,19.866147020875005
saddlepoint,cfl,3.681939987365761,19.696391431325065
saddlepoint,cfl,3.7217391029690465,19.52658883629914
saddlepoint,cfl,3.761538218572331,19.35703189094205
saddlepoint,cfl,3.801337965887555,19.188031639183045
saddlepoint,cfl,3.8411370814908405,19.01876369296407
saddlepoint,cfl,3.880936197094125,18.850226245133573
saddlepoint,cfl,3.92073594440935,18.681552264316526
saddlepoint,cfl,3.9605350600126346,18.513108981654053
saddlepoint,cfl,4.00033417561592,18.344896863035135
saddlepoint,cfl,4.040133922931144,18.17641426258088
saddlepoint,cfl,4.079933038534429,18.008392303792995
saddlepoint,cfl,4.119732154137713,17.84071721306991
saddlepoint,cfl,4.1595319014529375,17.673139228000917
saddlepoint,cfl,4.199331017056222,17.505903733316583
saddlepoint,cfl,4.239130132659508,17.33899199468824
saddlepoint,cfl,4.278929879974732,17.172484587104353
saddlepoint,cfl,4.318728995578017,17.00668035819231
saddlepoint,cfl,4.358528742893241,16.841182275482478
saddlepoint,cfl,4.3983278584965255,16.6763706816528
saddlepoint,cfl,4.43812697409981,16.512343889656638
saddlepoint,cfl,4.477926721415035,16.349321610546465
saddlepoint,cfl,4.51772583701832,16.187366274009875
saddlepoint,cfl,4.557524952621605,16.026820120762647
saddlepoint,cfl,4.597324699936829,15.867311302789227
saddlepoint,cfl,4.6371238155401135,15.709680435167344
saddlepoint,cfl,4.676922931143398,15.55348117033519
saddlepoint,cfl,4.716722678458623,15.398741057471167
saddlepoint,cfl,4.756521794061908,15.245733953627326
saddlepoint,cfl,4.796320909665193,15.093358131005205
saddlepoint,cfl,4.836120656980417,14.941983398953194
saddlepoint,cfl,4.875919772583702,14.792359717270745
saddlepoint,cfl,4.915718888186986,14.643665903781226
saddlepoint,cfl,4.955518635502211,14.496599459296347
saddlepoint,cfl,4.995317751105496,14.350614576506661
saddlepoint,cfl,5.035116866708781,14.205864719042047
saddlepoint,cfl,5.074916614024005,14.0623706630233
saddlepoint,cfl,5.11471572962729,13.919895516759517
saddlepoint,cfl,5.154514845230575,13.778263417713504
saddlepoint,cfl,5.194314592545799,13.638125033058673
saddlepoint,cfl,5.234113708149084,13.498866396401505
saddlepoint,cfl,5.273912823752369,13.360625995728249
saddlepoint,cfl,5.313712571067593,13.223592041928308
saddlepoint,cfl,5.353511686670878,13.086753038150434
saddlepoint,cfl,5.393310802274163,12.950574424544637
saddlepoint,cfl,5.433110549589387,12.814652063945049
saddlepoint,cfl,5.472909665192672,12.678910905973273
saddlepoint,cfl,5.512708780795958,12.542710728900335
saddlepoint,cfl,5.552508528111181,12.406238900645038
saddlepoint,cfl,5.592307643714466,12.268890885059681
saddlepoint,cfl,5.632106759317751,12.13067940114588
saddlepoint,cfl,5.6719065066329755,11.991131449981562
saddlepoint,cfl,5.711705622236261,11.849880713864207
saddlepoint,cfl,5.751504737839546,11.707076797676043
saddlepoint,cfl,5.791304485154769,11.561899486412935
saddlepoint,cfl,5.831103600758055,11.414794819063088
saddlepoint,cfl,5.870902716361339,11.265391689497187
saddlepoint,cfl,5.9107024636765635,11.114154307513772
saddlepoint,cfl,5.950501579279849,10.96131845504611
saddlepoint,cfl,5.990300694883134,10.807245812574402
saddlepoint,cfl,6.030100442198358,10.65238416351418
saddlepoint,cfl,6.069899557801643,10.497484986074438
saddlepoint,cfl,6.109699305116867,10.343481364137231
saddlepoint,cfl,6.149498420720152,10.190873785601799
saddlepoint,cfl,6.189297536323437,10.040775008037507
saddlepoint,cfl,6.22909728363866,9.89372219194643
saddlepoint,cfl,6.268896399241946,9.749378668885303
saddlepoint,cfl,6.308695514845231,9.603299217807818
saddlepoint,cfl,6.348496525584333,9.4557157695705
saddlepoint,cfl,6.3882943777637395,9.305867720809745
saddlepoint,cfl,6.428092229943147,9.153614073013612
saddlepoint,cfl,6.467890082122553,8.998672222951916
saddlepoint,cfl,6.507694251421352,8.840946833033835
saddlepoint,cfl,6.547492103600758,8.680956505916672
saddlepoint,cfl,6.587289955780164,8.51868517169777
saddlepoint,cfl,6.62708780795957,8.354722726976988
saddlepoint,cfl,6.666891977258371,8.19000381001008
saddlepoint,cfl,6.706689829437776,8.025321248893135
saddlepoint,cfl,6.746487681617182,7.862189282253336
saddlepoint,cfl,6.786285533796589,7.70340469585639
saddlepoint,cfl,6.826089703095389,7.550377167550472
saddlepoint,cfl,6.865887555274795,7.404570105938841
saddlepoint,cfl,6.905685407454201,7.265237908645794
saddlepoint,cfl,6.9454832596336065,7.132306813669602
saddlepoint,cfl,6.985287428932407,7.004319571995074
saddlepoint,cfl,7.025085281111814,6.880427642343083
saddlepoint,cfl,7.064883133291219,6.759787098097632
saddlepoint,cfl,7.104680985470625,6.640949495776579
saddlepoint,cfl,7.1444788376500314,6.522871536021785
saddlepoint,cfl,7.1842830069488315,6.4045326789013215
saddlepoint,cfl,7.224080859128238,6.28428288126951
saddlepoint,cfl,7.263878711307644,6.1609684017116635
saddlepoint,cfl,7.30367656348705,6.032033603905233
saddlepoint,cfl,7.34348073278585,5.8954687562758
saddlepoint,cfl,7.3832785849652565,5.749697704171854
saddlepoint,cfl,7.423076437144663,5.595975372043475
saddlepoint,cfl,7.462874289324068,5.437438224909272
saddlepoint,cfl,7.502678458622867,5.279234501741794
saddlepoint,cfl,7.542476310802275,5.126827798915942
saddlepoint,cfl,7.5822741629816806,4.984420003141636
saddlepoint,cfl,7.622072015161087,4.854123072027067
saddlepoint,cfl,7.661869867340493,4.736348046403954
saddlepoint,cfl,7.701674036639292,4.6305387121775246
saddlepoint,cfl,7.741471888818699,4.535553930222384
saddlepoint,cfl,7.7812697409981055,4.468560678753975
saddlepoint,cfl,7.821067593177512,4.406373695122226
saddlepoint,cfl,7.860871762476311,4.345878972946064
saddlepoint,cfl,7.900669614655716,4.286672405942525
saddlepoint,cfl,7.940467466835124,4.228386209926772
saddlepoint,cfl,7.98026531901453,4.170653275223353
saddlepoint,cfl,8.020069488313329,4.113231979922397
saddlepoint,cfl,8.059867340492735,4.055899454705579
saddlepoint,cfl,8.099665192672141,3.998291126397339
saddlepoint,cfl,8.13946304485155,3.940188576830729
saddlepoint,cfl,8.179267214150348,3.881184795899177
saddlepoint,cfl,8.219065066329753,3.820824674323773
saddlepoint,cfl,8.258862918509159,3.758789095821347
saddlepoint,cfl,8.298660770688565,3.6947495266850154
saddlepoint,cfl,8.338458622867973,3.628412244548736
saddlepoint,cfl,8.378262792166772,3.559434200242462
saddlepoint,cfl,8.418060644346179,3.4874684453750224
saddlepoint,cfl,8.457858496525585,3.4126474323735847
saddlepoint,cfl,8.49765634870499,3.3348206575458805
saddlepoint,cfl,8.53746051800379,3.254286763103744
saddlepoint,cfl,8.577258370183197,3.171255672352638
saddlepoint,cfl,8.617056222362603,3.0863076625083217
saddlepoint,cfl,8.656854074542009,3.000183047550972
saddlepoint,cfl,8.696658243840808,2.913701515833439
saddlepoint,cfl,8.736456096020214,2.8279970928804423
saddlepoint,cfl,8.77625394819962,2.744596978866317
saddlepoint,cfl,8.816051800379027,2.6636852154672894
saddlepoint,cfl,8.855855969677828,2.5860134635131113
saddlepoint,cfl,8.895653821857234,2.5122375838546183
saddlepoint,cfl,8.93545167403664,2.4427312659253086
saddlepoint,cfl,8.975249526216045,2.377609630408164
saddlepoint,cfl,9.015047378395451,2.3169460851380017
saddlepoint,cfl,9.054851547694252,2.260632602494789
saddlepoint,cfl,9.094649399873658,2.20842916733766
saddlepoint,cfl,9.134447252053064,2.1601410768071
saddlepoint,cfl,9.17424510423247,2.115496835473276
saddlepoint,cfl,9.21404927353127,2.074177572320983
saddlepoint,cfl,9.253847125710676,2.035932454421835
saddlepoint,cfl,9.293644977890082,2.000603972565049
saddlepoint,cfl,9.333442830069488,1.9679040904289322
saddlepoint,cfl,9.373246999368288,1.937533830670825
saddlepoint,cfl,9.413044851547696,1.9092127368125356
saddlepoint,cfl,9.452842703727102,1.8827467948257302
saddlepoint,cfl,9.492640555906506,1.8579505855274532
saddlepoint,cfl,9.532438408085913,1.83466696398593
saddlepoint,cfl,9.572242577384712,1.812758783851274
saddlepoint,cfl,9.61204042956412,1.7921045197727015
saddlepoint,cfl,9.651838281743526,1.7726016294029003
saddlepoint,cfl,9.691636133922932,1.754142007378187
saddlepoint,cfl,9.731440303221731,1.7366734455830686
saddlepoint,cfl,9.771238155401138,1.7200938139399813
saddlepoint,cfl,9.811036007580544,1.704352395231633
saddlepoint,cfl,9.85083385975995,1.6890859850271824
saddlepoint,cfl,9.89063802905875,1.6741693836945264
saddlepoint,cfl,9.930435881238155,1.6599339494298087
saddlepoint,cfl,9.970233733417562,1.6463399395137324
saddlepoint,cfl,10.010031585596968,1.6333597097127015
saddlepoint,cfl,10.049835754895767,1.620940077145115
saddlepoint,cfl,10.089633607075173,1.6090595505966403
saddlepoint,cfl,10.12943145925458,1.5976810674149984
saddlepoint,cfl,10.169229311433986,1.5867880908122043
saddlepoint,cfl,10.209027163613394,1.5763574671754437
saddlepoint,cfl,10.248831332912193,1.5663402997956313
saddlepoint,cfl,10.288629185091597,1.5567469994186163
saddlepoint,cfl,10.328427037271004,1.5475344523780277
saddlepoint,cfl,10.36822488945041,1.538689724370278
saddlepoint,cfl,10.40802905874921,1.530194761475074
saddlepoint,cfl,10.447826910928617,1.5220319756313372
saddlepoint,cfl,10.487624763108023,1.51419054226853
saddlepoint,cfl,10.52742261528743,1.5066446894349856
saddlepoint,cfl,10.567226784586229,1.4993857427189938
saddlepoint,cfl,10.607024636765635,1.492400301715602
saddlepoint,cfl,10.646822488945041,1.4856759665325419
saddlepoint,cfl,10.686620341124447,1.479204551598454
saddlepoint,cfl,10.726424510423248,1.4729666896469433
saddlepoint,cfl,10.766222362602655,1.4669561566145448
saddlepoint,cfl,10.806020214782059,1.4611630084528577
saddlepoint,cfl,10.845818066961465,1.4555777142928281
saddlepoint,cfl,10.885615919140871,1.4501945906193472
saddlepoint,cfl,10.925420088439672,1.4501158033513286
saddlepoint,cfl,10.965217940619079,1.4501158033513286
saddlepoint,cfl,11.005015792798485,1.4501158033513286
saddlepoint,cfl,11.044813644977891,1.4501158033513286
saddlepoint,cfl,11.08461781427669,1.4501158033513286
saddlepoint,cfl,11.124415666456096,1.4501158033513286
saddlepoint,cfl,11.164213518635503,1.4501158033513286
saddlepoint,cfl,11.204011370814909,1.4501158033513286
saddlepoint,cfl,11.243815540113708,1.4501158033513286
saddlepoint,cfl,11.283613392293114,1.4501158033513286
saddlepoint,cfl,11.32341124447252,1.4501158033513286
saddlepoint,cfl,11.363209096651927,1.4501158033513286
saddlepoint,cfl,11.403006948831333,1.4501158033513286
saddlepoint,cfl,11.442811118130132,1.4501158033513286
saddlepoint,cfl,11.482608970309538,1.4501158033513286
saddlepoint,cfl,11.522406822488946,1.4501158033513286
saddlepoint,cfl,11.562204674668353,1.4501158033513286
saddlepoint,cfl,11.602008843967152,1.4501158033513286
saddlepoint,cfl,11.641806696146556,1.4501158033513286
saddlepoint,cfl,11.681604548325963,1.4501158033513286
saddlepoint,cfl,11.72140240050537,1.4501158033513286
saddlepoint,cfl,11.76120656980417,1.4501158033513286
saddlepoint,cfl,11.801004421983576,1.4501158033513286
saddlepoint,cfl,11.840802274162982,1.4501158033513286
saddlepoint,cfl,11.880600126342388,1.4501158033513286
saddlepoint,cfl,11.920404295641188,1.4501158033513286
saddlepoint,cfl,11.960202147820594,1.4501158033513286
saddlepoint,cfl,12.0,1.4501158033513286
saddlepoint,unpCFL,0.1,93.74951125884145
saddlepoint,unpCFL,0.13979930511686672,88.75521888696461
saddlepoint,unpCFL,0.17959867340492736,84.55433087131948
saddlepoint,unpCFL,0.21939797852179407,80.94913620297055
saddlepoint,unpCFL,0.25919734680985473,77.81649259950208
saddlepoint,unpCFL,0.2989966519267214,75.07191170237554
saddlepoint,unpCFL,0.33879595704358817,72.65286620517783
saddlepoint,unpCFL,0.3785953253316488,70.5104124745304
saddlepoint,unpCFL,0.4183946304485155,68.60467245510905
saddlepoint,unpCFL,0.4581939987365761,66.90254583143962
saddlepoint,unpCFL,0.49799330385344287,65.37605446561481
saddlepoint,unpCFL,0.5377926721415035,64.00123883757122
saddlepoint,unpCFL,0.5775919772583702,62.75755723877256
saddlepoint,unpCFL,0.6173912823752369,61.6285836415094
saddlepoint,unpCFL,0.6571907770056854,60.5983315248436
saddlepoint,unpCFL,0.6969898926089704,59.65379266054914
saddlepoint,unpCFL,0.7367890082122552,58.78528556572903
saddlepoint,unpCFL,0.7765887555274795,57.98264730846783
saddlepoint,unpCFL,0.8163878711307644,57.236520874870585
saddlepoint,unpCFL,0.8561869867340492,56.542085774225285
saddlepoint,unpCFL,0.8959867340492736,55.89585568768024
saddlepoint,unpCFL,0.9357858496525585,55.29053171339467
saddlepoint,unpCFL,0.9755855969677827,54.71654472469897
saddlepoint,unpCFL,1.0153847125710675,54.170181916496766
saddlepoint,unpCFL,1.0551838281743526,53.65079678026807
saddlepoint,unpCFL,1.0949835754895767,53.15928504711256
saddlepoint,unpCFL,1.1347826910928616,52.69304927070877
saddlepoint,unpCFL,1.1745818066961466,52.24659263088835
saddlepoint,unpCFL,1.214381554011371,51.81437034977088
saddlepoint,unpCFL,1.2541806696146558,51.39371349243582
saddlepoint,unpCFL,1.2939797852179407,50.987410505509814
saddlepoint,unpCFL,1.333779532533165,50.5996885948861
saddlepoint,unpCFL,1.3735786481364498,50.23280572949003
saddlepoint,unpCFL,1.413377763739735,49.885352388204794
saddlepoint,unpCFL,1.453177511054959,49.54987673428892
saddlepoint,unpCFL,1.4929766266582438,49.216387941500784
saddlepoint,unpCFL,1.532775742261529,48.88265497785584
saddlepoint,unpCFL,1.5725754895767532,48.54962807336974
saddlepoint,unpCFL,1.6123746051800378,48.220936714445386
saddlepoint,unpCFL,1.652173720783323,47.901578644
saddlepoint,unpCFL,1.6919734680985472,47.594858379129064
saddlepoint,unpCFL,1.7317725837018318,47.299751320716
saddlepoint,unpCFL,1.771571699305117,47.01298623424953
saddlepoint,unpCFL,1.8113714466203412,46.73055888449586
saddlepoint,unpCFL,1.8511705622236259,46.44820121275283
saddlepoint,unpCFL,1.890969677826911,46.16167930155994
saddlepoint,unpCFL,1.9307694251421352,45.867112959517804
saddlepoint,unpCFL,1.9705685407454203,45.56461256295127
saddlepoint,unpCFL,2.010367656348705,45.258775998110444
saddlepoint,unpCFL,2.050167403663929,44.95459216212282
saddlepoint,unpCFL,2.089966519267214,44.65592471568286
saddlepoint,unpCFL,2.129765634870499,44.36448943261928
saddlepoint,unpCFL,2.169565382185723,44.079560884168295
saddlepoint,unpCFL,2.209364497789008,43.79659991038259
saddlepoint,unpCFL,2.249163613392293,43.51215672195063
saddlepoint,unpCFL,2.2889633607075175,43.22572256846264
saddlepoint,unpCFL,2.328762476310802,42.937429223558155
saddlepoint,unpCFL,2.368561591914087,42.64957938105721
saddlepoint,unpCFL,2.4083613392293115,42.36486779633478
saddlepoint,unpCFL,2.448160454832596,42.085694596567805
saddlepoint,unpCFL,2.4879595704358817,41.814912145413345
saddlepoint,unpCFL,2.5277593177511055,41.55211940230066
saddlepoint,unpCFL,2.56755843335439,41.29678488028949
saddlepoint,unpCFL,2.6073575489576757,41.048520346042444
saddlepoint,unpCFL,2.6471572962728995,40.8067226903527
saddlepoint,unpCFL,2.686956411876184,40.57058265098266
saddlepoint,unpCFL,2.726756159191409,40.340571960254344
saddlepoint,unpCFL,2.7665552747946935,40.11552881370368
saddlepoint,unpCFL,2.8063543903979786,39.89681351659826
saddlepoint,unpCFL,2.846154137713203,39.683779889596295
saddlepoint,unpCFL,2.8859532533164876,39.47617141491944
saddlepoint,unpCFL,2.9257523689197726,39.27408859679594
saddlepoint,unpCFL,2.965552116234997,39.078152038678965
saddlepoint,unpCFL,3.0053512318382816,38.8870426397133
saddlepoint,unpCFL,3.0451503474415667,38.701041797211154
saddlepoint,unpCFL,3.084950094756791,38.51964801036029
saddlepoint,unpCFL,3.124749210360076,38.34298879284203
saddlepoint,unpCFL,3.1645483259633607,38.17078476497881
saddlepoint,unpCFL,3.204348073278585,38.002348825921764
saddlepoint,unpCFL,3.2441471888818696,37.83710315107618
saddlepoint,unpCFL,3.283946304485155,37.67503190352033
saddlepoint,unpCFL,3.323746051800379,37.51612706715807
saddlepoint,unpCFL,3.3635451674036636,37.359898829810724
saddlepoint,unpCFL,3.403344283006949,37.20603653150603
saddlepoint,unpCFL,3.443144030322173,37.05415248671968
saddlepoint,unpCFL,3.4829431459254576,36.90457633316153
saddlepoint,unpCFL,3.522742261528743,36.7567895326444
saddlepoint,unpCFL,3.562542008843967,36.610344373312685
saddlepoint,unpCFL,3.6023411244472525,36.46547633298542
saddlepoint,unpCFL,3.642140240050537,36.32185826719588
saddlepoint,unpCFL,3.681939987365761,36.17920769473456
saddlepoint,unpCFL,3.7217391029690465,36.03742866922378
saddlepoint,unpCFL,3.761538218572331,35.89648290043127
saddlepoint,unpCFL,3.801337965887555,35.755632110877
saddlepoint,unpCFL,3.8411370814908405,35.61475854430176
saddlepoint,unpCFL,3.880936197094125,35.474436666398695
saddlepoint,unpCFL,3.92073594440935,35.33408995259845
saddlepoint,unpCFL,3.9605350600126346,35.19310680400693
saddlepoint,unpCFL,4.00033417561592,35.0520229648635
saddlepoint,unpCFL,4.040133922931144,34.91004040857395
saddlepoint,unpCFL,4.079933038534429,34.76759667030806
saddlepoint,unpCFL,4.119732154137713,34.624481998050335
saddlepoint,unpCFL,4.1595319014529375,34.480431646121204
saddlepoint,unpCFL,4.199331017056222,34.335341240747056
saddlepoint,unpCFL,4.239130132659508,34.18909588712413
saddlepoint,unpCFL,4.278929879974732,34.04143446496246
saddlepoint,unpCFL,4.318728995578017,33.892523636844395
saddlepoint,unpCFL,4.358528742893241,33.74266236105624
saddlepoint,unpCFL,4.3983278584965255,33.590949145432894
saddlepoint,unpCFL,4.43812697409981,33.43780264320203
saddlepoint,unpCFL,4.477926721415035,33.28352952357224
saddlepoint,unpCFL,4.51772583701832,33.12773513662254
saddlepoint,unpCFL,4.557524952621605,32.970055338591045
saddlepoint,unpCFL,4.597324699936829,32.81057914562656
saddlepoint,unpCFL,4.6371238155401135,32.64977741423796
saddlepoint,unpCFL,4.676922931143398,32.48724913854417
saddlepoint,unpCFL,4.716722678458623,32.3225970418609
saddlepoint,unpCFL,4.756521794061908,32.156133546990695
saddlepoint,unpCFL,4.796320909665193,31.98740455967531
saddlepoint,unpCFL,4.836120656980417,31.817779834836657
saddlepoint,unpCFL,4.875919772583702,31.645560106656028
saddlepoint,unpCFL,4.915718888186986,31.471016932593827
saddlepoint,unpCFL,4.955518635502211,31.295027621478898
saddlepoint,unpCFL,4.995317751105496,31.11711671001071
saddlepoint,unpCFL,5.035116866708781,30.93736187824348
saddlepoint,unpCFL,5.074916614024005,30.754994297583163
saddlepoint,unpCFL,5.11471572962729,30.570937783211328
saddlepoint,unpCFL,5.154514845230575,30.3844267144971
saddlepoint,unpCFL,5.194314592545799,30.195849217881186
saddlepoint,unpCFL,5.234113708149084,30.005164620512513
saddlepoint,unpCFL,5.273912823752369,29.81267636896555
saddlepoint,unpCFL,5.313712571067593,29.617496166869948
saddlepoint,unpCFL,5.353511686670878,29.419984034975766
saddlepoint,unpCFL,5.393310802274163,29.21981735172241
saddlepoint,unpCFL,5.433110549589387,29.017504273728154
saddlepoint,unpCFL,5.472909665192672,28.81313516889787
saddlepoint,unpCFL,5.512708780795958,28.605549064644677
saddlepoint,unpCFL,5.552508528111181,28.395991132932746
saddlepoint,unpCFL,5.592307643714466,28.183464378743327
saddlepoint,unpCFL,5.632106759317751,27.968313966706834
saddlepoint,unpCFL,5.6719065066329755,27.750229197875218
saddlepoint,unpCFL,5.711705622236261,27.529447327981313
saddlepoint,unpCFL,5.751504737839546,27.305979235814025
saddlepoint,unpCFL,5.791304485154769,27.079342260976674
saddlepoint,unpCFL,5.831103600758055,26.850036627109876
saddlepoint,unpCFL,5.870902716361339,26.61705648520967
saddlepoint,unpCFL,5.9107024636765635,26.38179952517611
saddlepoint,unpCFL,5.950501579279849,26.14301381612074
saddlepoint,unpCFL,5.990300694883134,25.9003712613734
saddlepoint,unpCFL,6.030100442198358,25.655068867130826
saddlepoint,unpCFL,6.069899557801643,25.405586306238817
saddlepoint,unpCFL,6.109699305116867,25.153310877712187
saddlepoint,unpCFL,6.149498420720152,24.897071258457174
saddlepoint,unpCFL,6.189297536323437,24.637396544186444
saddlepoint,unpCFL,6.22909728363866,24.37413778997968
saddlepoint,unpCFL,6.268896399241946,24.107675145107205
saddlepoint,unpCFL,6.308695514845231,23.83687883472477
saddlepoint,unpCFL,6.348496525584333,23.562058956390178
saddlepoint,unpCFL,6.3882943777637395,23.283314117442146
saddlepoint,unpCFL,6.428092229943147,23.00097148957122
saddlepoint,unpCFL,6.467890082122553,22.713771837683918
saddlepoint,unpCFL,6.507694251421352,22.423280931085248
saddlepoint,unpCFL,6.547492103600758,22.128284146553153
saddlepoint,unpCFL,6.587289955780164,21.828729807747898
saddlepoint,unpCFL,6.62708780795957,21.525171254268038
saddlepoint,unpCFL,6.666891977258371,21.217394745380297
saddlepoint,unpCFL,6.706689829437776,20.904802820591197
saddlepoint,unpCFL,6.746487681617182,20.588112755016763
saddlepoint,unpCFL,6.786285533796589,20.26744645966985
saddlepoint,unpCFL,6.826089703095389,19.941593330666002
saddlepoint,unpCFL,6.865887555274795,19.61027601826894
saddlepoint,unpCFL,6.905685407454201,19.274510036940885
saddlepoint,unpCFL,6.9454832596336065,18.934722494955036
saddlepoint,unpCFL,6.985287428932407,18.58996908355844
saddlepoint,unpCFL,7.025085281111814,18.241280668635408
saddlepoint,unpCFL,7.064883133291219,17.887527306470638
saddlepoint,unpCFL,7.104680985470625,17.529248887306334
saddlepoint,unpCFL,7.1444788376500314,17.165560765157185
saddlepoint,unpCFL,7.1842830069488315,16.795213965414412
saddlepoint,unpCFL,7.224080859128238,16.42116882191895
saddlepoint,unpCFL,7.263878711307644,16.04490643830022
saddlepoint,unpCFL,7.30367656348705,15.673071593040136
saddlepoint,unpCFL,7.34348073278585,15.30571169715031
saddlepoint,unpCFL,7.3832785849652565,14.943481848349627
saddlepoint,unpCFL,7.423076437144663,14.584948260528748
saddlepoint,unpCFL,7.462874289324068,14.228439725891723
saddlepoint,unpCFL,7.502678458622867,13.87234631691248
saddlepoint,unpCFL,7.542476310802275,13.52108295841743
saddlepoint,unpCFL,7.5822741629816806,13.177032682275685
saddlepoint,unpCFL,7.622072015161087,12.841552481913164
saddlepoint,unpCFL,7.661869867340493,12.514694421048786
saddlepoint,unpCFL,7.701674036639292,12.195461966772138
saddlepoint,unpCFL,7.741471888818699,11.882222406563955
saddlepoint,unpCFL,7.7812697409981055,11.57240343301827
saddlepoint,unpCFL,7.821067593177512,11.2647285041071
saddlepoint,unpCFL,7.860871762476311,10.960324507426122
saddlepoint,unpCFL,7.900669614655716,10.661214830777684
saddlepoint,unpCFL,7.940467466835124,10.371011427550663
saddlepoint,unpCFL,7.98026531901453,10.094340853109792
saddlepoint,unpCFL,8.020069488313329,9.833429173631602
saddlepoint,unpCFL,8.059867340492735,9.58695111623414
saddlepoint,unpCFL,8.099665192672141,9.339030109784874
saddlepoint,unpCFL,8.13946304485155,9.089963729405351
saddlepoint,unpCFL,8.179267214150348,8.838371591554296
saddlepoint,unpCFL,8.219065066329753,8.584052739661038
saddlepoint,unpCFL,8.258862918509159,8.327206917509267
saddlepoint,unpCFL,8.298660770688565,8.070356164609944
saddlepoint,unpCFL,8.338458622867973,7.816278335013711
saddlepoint,unpCFL,8.378262792166772,7.574054739823196
saddlepoint,unpCFL,8.418060644346179,7.348960952604608
saddlepoint,unpCFL,8.457858496525585,7.140375863338089
saddlepoint,unpCFL,8.49765634870499,6.945165731926103
saddlepoint,unpCFL,8.53746051800379,6.759456624502702
saddlepoint,unpCFL,8.577258370183197,6.5795140523285065
saddlepoint,unpCFL,8.617056222362603,6.401166720660803
saddlepoint,unpCFL,8.656854074542009,6.220009006150464
saddlepoint,unpCFL,8.696658243840808,6.030357379397823
saddlepoint,unpCFL,8.736456096020214,5.825506140507236
saddlepoint,unpCFL,8.77625394819962,5.602745446546373
saddlepoint,unpCFL,8.816051800379027,5.369783207876091
saddlepoint,unpCFL,8.855855969677828,5.142048090146047
saddlepoint,unpCFL,8.895653821857234,4.93439128985629
saddlepoint,unpCFL,8.93545167403664,4.753458759860452
saddlepoint,unpCFL,8.975249526216045,4.598914780156442
saddlepoint,unpCFL,9.015047378395451,4.477733902877261
saddlepoint,unpCFL,9.054851547694252,4.387858009952334
saddlepoint,unpCFL,9.094649399873658,4.301851753030244
saddlepoint,unpCFL,9.134447252053064,4.218337327048814
saddlepoint,unpCFL,9.17424510423247,4.136516771760344
saddlepoint,unpCFL,9.21404927353127,4.055399006866022
saddlepoint,unpCFL,9.253847125710676,3.9742952897419395
saddlepoint,unpCFL,9.293644977890082,3.892443892978057
saddlepoint,unpCFL,9.333442830069488,3.8086009604167907
saddlepoint,unpCFL,9.373246999368288,3.72196035551131
saddlepoint,unpCFL,9.413044851547696,3.631555538861736
saddlepoint,unpCFL,9.452842703727102,3.5366373482699465
saddlepoint,unpCFL,9.492640555906506,3.4369620269511203
saddlepoint,unpCFL,9.532438408085913,3.332457006362623
saddlepoint,unpCFL,9.572242577384712,3.223453593147694
saddlepoint,unpCFL,9.61204042956412,3.1109762549368947
saddlepoint,unpCFL,9.651838281743526,2.9965613471285812
saddlepoint,unpCFL,9.691636133922932,2.882179742356579
saddlepoint,unpCFL,9.731440303221731,2.7710293514083566
saddlepoint,unpCFL,9.771238155401138,2.664252845764252
saddlepoint,unpCFL,9.811036007580544,2.5635523316237903
saddlepoint,unpCFL,9.85083385975995,2.4701533340716866
saddlepoint,unpCFL,9.89063802905875,2.3844477312112726
saddlepoint,unpCFL,9.930435881238155,2.306507608596187
saddlepoint,unpCFL,9.970233733417562,2.236006633920021
saddlepoint,unpCFL,10.010031585596968,2.1724518694849384
saddlepoint,unpCFL,10.049835754895767,2.1151265996061364
saddlepoint,unpCFL,10.089633607075173,2.0633635645165884
saddlepoint,unpCFL,10.12943145925458,2.016685453961017
saddlepoint,unpCFL,10.169229311433986,1.97456356054087
saddlepoint,unpCFL,10.209027163613394,1.9363667812977368
saddlepoint,unpCFL,10.248831332912193,1.9014950083691384
saddlepoint,unpCFL,10.288629185091597,1.8695541824821769
saddlepoint,unpCFL,10.328427037271004,1.8401292358052197
saddlepoint,unpCFL,10.36822488945041,1.8129437385559546
saddlepoint,unpCFL,10.40802905874921,1.7877492251138782
saddlepoint,unpCFL,10.447826910928617,1.7643317877910545
saddlepoint,unpCFL,10.487624763108023,1.7425269972820037
saddlepoint,unpCFL,10.52742261528743,1.722146067064894
saddlepoint,unpCFL,10.567226784586229,1.7030718533257365
saddlepoint,unpCFL,10.607024636765635,1.6846665803144414
saddlepoint,unpCFL,10.646822488945041,1.6670537246338886
saddlepoint,unpCFL,10.686620341124447,1.650456383009067
saddlepoint,unpCFL,10.726424510423248,1.634777686432125
saddlepoint,unpCFL,10.766222362602655,1.6199610355540839
saddlepoint,unpCFL,10.806020214782059,1.6059444965655452
saddlepoint,unpCFL,10.845818066961465,1.5926715970426177
saddlepoint,unpCFL,10.885615919140871,1.5800985462068018
saddlepoint,unpCFL,10.925420088439672,1.56816302488032
saddlepoint,unpCFL,10.965217940619079,1.5568296292630268
saddlepoint,unpCFL,11.005015792798485,1.5460596967924933
saddlepoint,unpCFL,11.044813644977891,1.5358167860244982
saddlepoint,unpCFL,11.08461781427669,1.5260683049983832
saddlepoint,unpCFL,11.124415666456096,1.51678311436135
saddlepoint,unpCFL,11.164213518635503,1.507933224983112
saddlepoint,unpCFL,11.204011370814909,1.4994879215982757
saddlepoint,unpCFL,11.243815540113708,1.4914346711091624
saddlepoint,unpCFL,11.283613392293114,1.4837395798722437
saddlepoint,unpCFL,11.32341124447252,1.4763912996483324
saddlepoint,unpCFL,11.363209096651927,1.469363215618187
saddlepoint,unpCFL,11.403006948831333,1.4626405278277061
saddlepoint,unpCFL,11.442811118130132,1.4562079203808065
saddlepoint,unpCFL,11.482608970309538,1.4501158033513286
saddlepoint,unpCFL,11.522406822488946,1.4501158033513286
saddlepoint,unpCFL,11.562204674668353,1.4501158033513286
saddlepoint,unpCFL,11.602008843967152,1.4501158033513286
saddlepoint,unpCFL,11.641806696146556,1.4501158033513286
saddlepoint,unpCFL,11.681604548325963,1.4501158033513286
saddlepoint,unpCFL,11.72140240050537,1.4501158033513286
saddlepoint,unpCFL,11.76120656980417,1.4501158033513286
saddlepoint,unpCFL,11.801004421983576,1.4501158033513286
saddlepoint,unpCFL,11.840802274162982,1.4501158033513286
saddlepoint,unpCFL,11.880600126342388,1.4501158033513286
saddlepoint,unpCFL,11.920404295641188,1.4501158033513286
saddlepoint,unpCFL,11.960202147820594,1.4501158033513286
saddlepoint,unpCFL,12.0,1.4501158033513286
frozen,unpaired,0.13979930511686672,97.68131837929315
frozen,unpaired,0.17959867340492736,95.51596082212308
frozen,unpaired,0.21939797852179407,93.69664477351672
frozen,unpaired,0.25919734680985473,92.12756126204644
frozen,unpaired,0.2989966519267214,90.74656807915242
frozen,unpaired,0.33879595704358817,89.50871536113964
frozen,unpaired,0.3785953253316488,88.39517948975343
frozen,unpaired,0.4183946304485155,87.37887665748546
frozen,unpaired,0.4581939987365761,86.44622780139264
frozen,unpaired,0.49799330385344287,85.58543862965948
frozen,unpaired,0.5377926721415035,84.78829467486626
frozen,unpaired,0.5775919772583702,84.0448567710112
frozen,unpaired,0.6173912823752369,83.3537923124979
frozen,unpaired,0.6571907770056854,82.70574563693911
frozen,unpaired,0.6969898926089704,82.09811705650093
frozen,unpaired,0.7367890082122552,81.52965784986188
frozen,unpaired,0.7765887555274795,80.99437653010666
frozen,unpaired,0.8163878711307644,80.4897210245266
frozen,unpaired,0.8561869867340492,80.01472598786711
frozen,unpaired,0.8959867340492736,79.56775043542605
frozen,unpaired,0.9357858496525585,79.14502083394308
frozen,unpaired,0.9755855969677827,78.74480797315586
frozen,unpaired,1.0153847125710675,78.36604983142065
frozen,unpaired,1.0551838281743526,78.00803077126871
frozen,unpaired,1.0949835754895767,77.66941554688584
frozen,unpaired,1.1347826910928616,77.34797980286085
frozen,unpaired,1.1745818066961466,77.04254232885029
frozen,unpaired,1.214381554011371,76.75222768743087
frozen,unpaired,1.2541806696146558,76.476370028067
frozen,unpaired,1.2939797852179407,76.21436690643961
frozen,unpaired,1.333779532533165,75.96576610513947
frozen,unpaired,1.3735786481364498,75.72965680276978
frozen,unpaired,1.413377763739735,75.50498809772203
frozen,unpaired,1.453177511054959,75.29114375077685
frozen,unpaired,1.4929766266582438,75.08762739648535
frozen,unpaired,1.532775742261529,74.89404599070745
frozen,unpaired,1.5725754895767532,74.71001395879264
frozen,unpaired,1.6123746051800378,74.53523779562269
frozen,unpaired,1.652173720783323,74.36938369633366
frozen,unpaired,1.6919734680985472,74.2122239785758
frozen,unpaired,1.7317725837018318,74.06348966426474
frozen,unpaired,1.771571699305117,73.92292371781961
frozen,unpaired,1.8113714466203412,73.79023446645944
frozen,unpaired,1.8511705622236259,73.66498161012683
frozen,unpaired,1.890969677826911,73.54695409449977
frozen,unpaired,1.9307694251421352,73.43594315063683
frozen,unpaired,1.9705685407454203,73.33174733563261
frozen,unpaired,2.010367656348705,73.23421780326176
frozen,unpaired,2.050167403663929,73.14312024510154
frozen,unpaired,2.089966519267214,73.05834308953116
frozen,unpaired,2.129765634870499,72.97970066750577
frozen,unpaired,2.169565382185723,72.90703753286493
frozen,unpaired,2.209364497789008,72.84019565282784
frozen,unpaired,2.249163613392293,72.77901477994374
frozen,unpaired,2.2889633607075175,72.72334511625125
frozen,unpaired,2.328762476310802,72.6730233027113
frozen,unpaired,2.368561591914087,72.6279063706596
frozen,unpaired,2.4083613392293115,72.58782786761068
frozen,unpaired,2.448160454832596,72.55263579451892
frozen,unpaired,2.4879595704358817,72.52214681243102
frozen,unpaired,2.5277593177511055,72.49623976183327
frozen,unpaired,2.56755843335439,72.47474124122459
frozen,unpaired,2.6073575489576757,72.45746271164003
frozen,unpaired,2.6471572962728995,72.44428639027718
frozen,unpaired,2.686956411876184,72.43500090245338
frozen,unpaired,2.726756159191409,72.4294440059878
frozen,unpaired,2.7665552747946935,72.42745446206627
frozen,unpaired,2.8063543903979786,72.42884126720618
frozen,unpaired,2.846154137713203,72.4334495027159
frozen,unpaired,2.8859532533164876,72.44105685634177
frozen,unpaired,2.9257523689197726,72.45147868826878
frozen,unpaired,2.965552116234997,72.46447189479949
frozen,unpaired,3.0053512318382816,72.48005113806136
frozen,unpaired,3.0451503474415667,72.49858529275497
frozen,unpaired,3.084950094756791,72.51923025990374
frozen,unpaired,3.124749210360076,72.54435017232146
frozen,unpaired,3.1645483259633607,72.56357600487411
frozen,unpaired,3.204348073278585,72.5862481552399
frozen,unpaired,3.2441471888818696,72.60926220033436
frozen,unpaired,3.283946304485155,72.6230508680286
frozen,unpaired,3.323746051800379,72.6649203320464
frozen,unpaired,3.3635451674036636,72.69823831529335
frozen,unpaired,3.403344283006949,72.73244800196782
frozen,unpaired,3.443144030322173,72.77072966003304
frozen,unpaired,3.4829431459254576,72.83958176005041
frozen,unpaired,3.522742261528743,72.81536603313741
frozen,unpaired,3.562542008843967,72.82385908657112
frozen,unpaired,3.6023411244472525,72.83263120942094
frozen,unpaired,3.642140240050537,72.83527172817297
frozen,unpaired,3.681939987365761,72.8223685564875
frozen,unpaired,3.7217391029690465,72.74547887994119
frozen,unpaired,3.761538218572331,72.80250739312439
frozen,unpaired,3.801337965887555,72.92779439749337
frozen,unpaired,3.8411370814908405,72.99450381058956
frozen,unpaired,3.880936197094125,73.042140080876
frozen,unpaired,3.92073594440935,73.07957227823202
frozen,unpaired,3.9605350600126346,73.109165675493
frozen,unpaired,4.00033417561592,73.13265223866775
frozen,unpaired,4.040133922931144,73.15010683082092
frozen,unpaired,4.079933038534429,73.16276230649605
frozen,unpaired,4.119732154137713,73.16890658538757
frozen,unpaired,4.1595319014529375,73.16715282630317
frozen,unpaired,4.199331017056222,73.1535389999894
frozen,unpaired,4.239130132659508,73.11621549630597
frozen,unpaired,4.278929879974732,73.05625796614605
frozen,unpaired,4.318728995578017,73.152635331896
frozen,unpaired,4.358528742893241,73.18762881659127
frozen,unpaired,4.3983278584965255,73.20415947201961
frozen,unpaired,4.43812697409981,73.20770409011985
frozen,unpaired,4.477926721415035,73.19856540397043
frozen,unpaired,4.51772583701832,73.1713772152348
frozen,unpaired,4.557524952621605,73.0979113986228
frozen,unpaired,4.597324699936829,73.12997058011177
frozen,unpaired,4.6371238155401135,73.17468025126036
frozen,unpaired,4.676922931143398,73.19077017279746
frozen,unpaired,4.716722678458623,73.19286875073583
frozen,unpaired,4.756521794061908,73.18461690841681
frozen,unpaired,4.796320909665193,73.16732662020401
frozen,unpaired,4.836120656980417,73.14169105730942
frozen,unpaired,4.875919772583702,73.10722547738243
frozen,unpaired,4.915718888186986,73.0638302982776
frozen,unpaired,4.955518635502211,73.01008279291281
frozen,unpaired,4.995317751105496,72.94311327829489
frozen,unpaired,5.035116866708781,72.85842996880514
frozen,unpaired,5.074916614024005,72.73647407320053
frozen,unpaired,5.11471572962729,72.42145571512434
frozen,unpaired,5.154514845230575,72.59664657212966
frozen,unpaired,5.194314592545799,72.57084024771011
frozen,unpaired,5.234113708149084,72.51763688174326
frozen,unpaired,5.273912823752369,72.45083034256697
frozen,unpaired,5.313712571067593,72.37439570565415
frozen,unpaired,5.353511686670878,72.29300329442054
frozen,unpaired,5.393310802274163,72.19896464004475
frozen,unpaired,5.433110549589387,72.08259537378235
frozen,unpaired,5.472909665192672,71.96828507965296
frozen,unpaired,5.512708780795958,71.85010867057683
frozen,unpaired,5.552508528111181,71.72872794637597
frozen,unpaired,5.592307643714466,71.60625751938089
frozen,unpaired,5.632106759317751,71.45968709783419
frozen,unpaired,5.6719065066329755,71.3086897786849
frozen,unpaired,5.711705622236261,71.1484997844526
frozen,unpaired,5.751504737839546,70.96029335751683
frozen,unpaired,5.791304485154769,70.80901272811744
frozen,unpaired,5.831103600758055,70.6314779545253
frozen,unpaired,5.870902716361339,70.44740003381968
frozen,unpaired,5.9107024636765635,70.2621733842999
frozen,unpaired,5.950501579279849,70.06913309374563
frozen,unpaired,5.990300694883134,69.86916948139522
frozen,unpaired,6.030100442198358,69.66034175194312
frozen,unpaired,6.069899557801643,69.44174577326451
frozen,unpaired,6.109699305116867,69.21218314591941
frozen,unpaired,6.149498420720152,68.97290618904653
frozen,unpaired,6.189297536323437,68.72420296401555
frozen,unpaired,6.22909728363866,68.46964227577813
frozen,unpaired,6.268896399241946,68.21604268391404
frozen,unpaired,6.308695514845231,67.9544796363437
frozen,unpaired,6.348496525584333,67.68236944039558
frozen,unpaired,6.3882943777637395,67.39824614942097
frozen,unpaired,6.428092229943147,67.10056043714107
frozen,unpaired,6.467890082122553,66.79131737062636
frozen,unpaired,6.507694251421352,66.4796476926279
frozen,unpaired,6.547492103600758,66.16591012628169
frozen,unpaired,6.587289955780164,65.84218257969026
frozen,unpaired,6.62708780795957,65.5046311102208
frozen,unpaired,6.666891977258371,65.15103475023523
frozen,unpaired,6.706689829437776,64.78505044390019
frozen,unpaired,6.746487681617182,64.42225479488094
frozen,unpaired,6.786285533796589,64.05007123615505
frozen,unpaired,6.826089703095389,63.66468953334041
frozen,unpaired,6.865887555274795,63.26072046605661
frozen,unpaired,6.905685407454201,62.84579942951192
frozen,unpaired,6.9454832596336065,62.43037261079734
frozen,unpaired,6.985287428932407,62.0041830749409
frozen,unpaired,7.025085281111814,61.5608259968876
frozen,unpaired,7.064883133291219,61.09928949087581
frozen,unpaired,7.104680985470625,60.63665595765235
frozen,unpaired,7.1444788376500314,60.16355496616747
frozen,unpaired,7.1842830069488315,59.67211541674482
frozen,unpaired,7.224080859128238,59.165071303496184
frozen,unpaired,7.263878711307644,58.65228716010297
frozen,unpaired,7.30367656348705,58.12740872374844
frozen,unpaired,7.34348073278585,57.581363566764516
frozen,unpaired,7.3832785849652565,57.02515614120882
frozen,unpaired,7.423076437144663,56.45907955598687
frozen,unpaired,7.462874289324068,55.87460228903999
frozen,unpaired,7.502678458622867,55.273412712106676
frozen,unpaired,7.542476310802275,54.6626087108993
frozen,unpaired,7.5822741629816806,54.033392662945325
frozen,unpaired,7.622072015161087,53.38652680676445
frozen,unpaired,7.661869867340493,52.72873312707732
frozen,unpaired,7.701674036639292,52.05020958890488
frozen,unpaired,7.741471888818699,51.354803550957925
frozen,unpaired,7.7812697409981055,50.64562779076701
frozen,unpaired,7.821067593177512,49.91443898740801
frozen,unpaired,7.860871762476311,49.16896229937833
frozen,unpaired,7.900669614655716,48.40204786694779
frozen,unpaired,7.940467466835124,47.618082441860054
frozen,unpaired,7.98026531901453,46.81414412270165
frozen,unpaired,8.020069488313329,45.99029925613776
frozen,unpaired,8.059867340492735,45.14756159970259
frozen,unpaired,8.099665192672141,44.283006973960774
frozen,unpaired,8.13946304485155,43.400436939161295
frozen,unpaired,8.179267214150348,42.49502551759645
frozen,unpaired,8.219065066329753,41.57006920593225
frozen,unpaired,8.258862918509159,40.62286634634289
frozen,unpaired,8.298660770688565,39.655937432515685
frozen,unpaired,8.338458622867973,38.667135250650766
frozen,unpaired,8.378262792166772,37.65831455084399
frozen,unpaired,8.418060644346179,36.62900376740889
frozen,unpaired,8.457858496525585,35.57944552924025
frozen,unpaired,8.49765634870499,34.5117514813246
frozen,unpaired,8.53746051800379,33.42544932610181
frozen,unpaired,8.577258370183197,32.32416711071761
frozen,unpaired,8.617056222362603,31.206598894837104
frozen,unpaired,8.656854074542009,30.07726139830588
frozen,unpaired,8.696658243840808,28.938661043375536
frozen,unpaired,8.736456096020214,27.792486322103162
frozen,unpaired,8.77625394819962,26.643678558850464
frozen,unpaired,8.816051800379027,25.49516822528305
frozen,unpaired,8.855855969677828,24.352285816826626
frozen,unpaired,8.895653821857234,23.218527476576387
frozen,unpaired,8.93545167403664,22.100201700483293
frozen,unpaired,8.975249526216045,21.000071703742947
frozen,unpaired,9.015047378395451,19.92647165352229
frozen,unpaired,9.054851547694252,18.881333018317033
frozen,unpaired,9.094649399873658,17.87023040773299
frozen,unpaired,9.134447252053064,16.898009113396423
frozen,unpaired,9.17424510423247,15.960192300773448
frozen,unpaired,9.21404927353127,15.067014854496055
frozen,unpaired,9.253847125710676,14.220849646612196
frozen,unpaired,9.293644977890082,13.403980933956062
frozen,unpaired,9.333442830069488,12.642256923617504
frozen,unpaired,9.373246999368288,11.936930252697284
frozen,unpaired,9.413044851547696,11.26613304744194
frozen,unpaired,9.452842703727102,10.62221254520749
frozen,unpaired,9.492640555906506,10.030164216783245
frozen,unpaired,9.532438408085913,9.512467858154347
frozen,unpaired,9.572242577384712,9.009334235379644
frozen,unpaired,9.61204042956412,8.504153821002138
frozen,unpaired,9.651838281743526,8.001626593408295
frozen,unpaired,9.691636133922932,7.529282875679182
frozen,unpaired,9.731440303221731,7.123198739735179
frozen,unpaired,9.771238155401138,6.769603754170493
frozen,unpaired,9.811036007580544,6.442238576642227
frozen,unpaired,9.85083385975995,6.114507172376429
frozen,unpaired,9.89063802905875,5.7543372308814424
frozen,unpaired,9.930435881238155,5.354704514282742
frozen,unpaired,9.970233733417562,4.977717576084658
frozen,unpaired,10.010031585596968,4.676491109827719
frozen,unpaired,10.049835754895767,4.462578031264238
frozen,unpaired,10.089633607075173,4.317155777341685
frozen,unpaired,10.12943145925458,4.1809946542377965
frozen,unpaired,10.169229311433986,4.049477020892146
frozen,unpaired,10.209027163613394,3.9181369450838783
frozen,unpaired,10.248831332912193,3.7939180942368855
frozen,unpaired,10.288629185091597,3.65721466358081
frozen,unpaired,10.328427037271004,3.5118595283794964
frozen,unpaired,10.36822488945041,3.357058435505925
frozen,unpaired,10.40802905874921,3.1934620957363626
frozen,unpaired,10.447826910928617,3.024475809409909
frozen,unpaired,10.487624763108023,2.856002467337431
frozen,unpaired,10.52742261528743,2.6994808043622904
frozen,unpaired,10.567226784586229,2.553417000271085
frozen,unpaired,10.607024636765635,2.4235111337743462
frozen,unpaired,10.646822488945041,2.310402285712198
frozen,unpaired,10.686620341124447,2.213016169273317
frozen,unpaired,10.726424510423248,2.129371624037243
frozen,unpaired,10.766222362602655,2.0574145057719706
frozen,unpaired,10.806020214782059,1.9954907849034889
frozen,unpaired,10.845818066961465,1.9418779408792923
frozen,unpaired,10.885615919140871,1.894954792511431
frozen,unpaired,10.925420088439672,1.8534376513766175
frozen,unpaired,10.965217940619079,1.8164246266131823
frozen,unpaired,11.005015792798485,1.7832064046016447
frozen,unpaired,11.044813644977891,1.7532189034569499
frozen,unpaired,11.08461781427669,1.726013796721261
frozen,unpaired,11.124415666456096,1.7012210770908451
frozen,unpaired,11.164213518635503,1.6777074871871243
frozen,unpaired,11.204011370814909,1.6558390999201618
frozen,unpaired,11.243815540113708,1.6356625994256955
frozen,unpaired,11.283613392293114,1.6169795105574645
frozen,unpaired,11.32341124447252,1.599659323115767
frozen,unpaired,11.363209096651927,1.5835553319435853
frozen,unpaired,11.403006948831333,1.56855840450294
frozen,unpaired,11.442811118130132,1.5545692637202413
frozen,unpaired,11.482608970309538,1.5414977832090633
frozen,unpaired,11.522406822488946,1.5293227707162194
frozen,unpaired,11.562204674668353,1.5179431437265478
frozen,unpaired,11.602008843967152,1.5073392218677337
frozen,unpaired,11.641806696146556,1.4973940235918386
frozen,unpaired,11.681604548325963,1.4880230094925637
frozen,unpaired,11.72140240050537,1.4791751634724868
frozen,unpaired,11.76120656980417,1.4708138219542324
frozen,unpaired,11.801004421983576,1.4629081898075667
frozen,unpaired,11.840802274162982,1.4554246082048243
frozen,unpaired,11.880600126342388,1.4501158033513286
frozen,unpaired,11.920404295641188,1.4501158033513286
frozen,unpaired,11.960202147820594,1.4501158033513286
frozen,unpaired,12.0,1.4501158033513286
