M_max_Msun,R_max_km,sigma_crit_star
2.001732131727568,11.272870125815457,62.98179752290907
2.0072183417788234,11.329808201543294,63.294367629095
2.030697694882994,11.43417294531549,65.25902720629983
2.013728458033346,11.387874204298459,65.26116525559385
2.036216865037359,11.491988225537565,65.70708365537583
2.025895501117168,11.382582008522629,66.07241309792963
2.060079881673661,11.598893538133972,67.46460390167434
2.001136936338966,11.364417361368448,67.79436571342369
2.0211605044657226,11.4561062879211,67.79436571342369
2.0426053674573525,11.552204924092829,67.79436571342369
2.021838206992342,11.328457463941335,67.8064626045262
2.065412527758232,11.653470097243698,68.0594121302962
2.055459801337007,11.54304756440057,68.203264569209
2.089754459949392,11.76215720329005,69.60764033255431
2.051610863537821,11.49605380442105,69.9278900004779
2.010732304352899,11.438216389719896,70.22073332303083
2.029568819827474,11.523132991990362,70.22073332303083
2.049933213466544,11.613885633150531,70.22073332303083
2.0716135849500197,11.714464871497217,70.22073332410103
2.018552076129289,11.284425838356958,70.25081501030985
2.085209301529006,11.70993901290817,70.25718084438833
2.095351685444539,11.823686998223332,70.35644253439757
2.1208149572490953,11.937732220216173,71.69413256539016
2.081545427523418,11.660564406677084,71.94897981025447
2.116167805809108,11.881237910477099,72.24433014482648
2.0484397702183825,11.448899831943868,72.4138848883006
2.005160849710818,11.440830211862632,72.54887268087315
2.0212937276317846,11.514176749974412,72.54887268087315
2.038985613019269,11.59786719163591,72.54887268087315
2.0581598494728963,11.685323776137068,72.54887268087315
2.078982431020234,11.78234929323177,72.54887268087315
2.101848246602829,11.885345781717715,72.54887268087315
2.1262218743099126,11.993561597305169,72.60058121175393
2.0160974388833957,11.242430480387712,73.3176327823353
2.151998674831692,12.106464117935468,73.72857301763023
2.1123101902739565,11.829919096715374,73.88826823779235
2.1476496476002516,12.05597844066856,74.17371214858461
2.0785239937149194,11.61302123321861,74.45183427640808
2.018212246599112,11.533033576543806,74.786369607189
2.0330842513221654,11.601309803316676,74.786369607189
2.049528329654662,11.67614335189035,74.786369607189
2.0674700823811163,11.76095854955532,74.786369607189
2.087616980332227,11.851927733655952,74.786369607189
2.109302670122955,11.948644507095477,74.786369607189
2.132544388703587,12.057379866109306,74.786369607189
2.157242528629993,12.168244795245077,74.79535828024535
2.045782685729865,11.402561369877604,75.54009259920709
2.1840639912462847,12.289691650231218,75.71432061965031
2.1439676384715503,12.005689520795366,75.75694124011757
2.1794598798099583,12.233065942223892,76.04984271586778
2.1091816789752795,11.782388163017286,76.38734871069514
2.189549441169627,12.34693319474724,76.93931211136525
2.0460649976198457,11.690136062542397,76.93956241031434
2.0611880273148,11.761337281168899,76.93956241031434
2.0784133078580154,11.842706548238343,76.93956241031434
2.0973116285784084,11.930915256212337,76.93956241031434
2.1177898077905715,12.024178168846234,76.93956241031434
2.1398023528004586,12.12326967963158,76.93956241031434
2.1635269909475547,12.231576270261733,76.93956241031434
2.014162914663608,11.200210194520126,77.22951009547236
2.1758233012574837,12.178398378679367,77.56559577873948
2.076113168980699,11.57064898856991,77.62301221652358
2.2171065073663474,12.467884125989256,77.6539378960614
2.212723695435856,12.415620704764146,77.87796048704213
2.1410022632630663,11.954878432467408,78.23675566683929
2.222359294851091,12.532768489414382,79.01398036824283
2.074767831316356,11.858816587081137,79.01398139712279
2.090652496792577,11.931842927821355,79.01398139712279
2.1081943688745155,12.011756320341718,79.01398139712279
2.1273490631717658,12.098121444566099,79.01398139712279
2.148159378241557,12.19321274145943,79.01398139712279
2.1711284269641005,12.299901360062012,79.01398139712279
2.19598496698402,12.414201445975161,79.01398139712279
2.2091221320824905,12.364691065374661,79.31955357645347
2.0437353710883777,11.36160883339147,79.41336961369012
2.2503312142996146,12.656530446097326,79.54875227834039
2.1066277334511225,11.733739873810329,79.58692045031239
2.2461590216640674,12.601724276750263,79.66000472059527
2.1730500389958065,12.133369020250115,80.01303089425618
2.1041421656859427,12.022536250783917,81.01445292663566
2.120279026395328,12.095071984364157,81.01445292663566
2.138089466418506,12.182975748525402,81.01445292663566
2.157935172607579,12.276460253595783,81.01445292663566
2.179817035901099,12.376053199022417,81.01445292663566
2.2033578903257043,12.48205502768468,81.01445292663566
2.2285517189594333,12.594044177167678,81.01445292663566
2.2555997970814876,12.715178243609918,81.01445293710458
2.242771953157924,12.546638593548959,81.0242198399522
2.2806741959860815,12.791567228092735,81.39953968317047
2.2850181813803516,12.849754743132264,81.40121748827706
2.1386743378461266,11.91153941942201,81.44968400534206
2.0742369669490603,11.525019409029868,81.48995839633074
2.206209440430333,12.310624379513275,81.72656578865876
2.012662558583382,11.162680161126708,82.20060420533764
2.277190240749988,12.738906331831338,82.68368620716437
2.133670839252526,12.196702409387791,82.94522673138802
2.15041628651678,12.274985529495684,82.94522673138802
2.1691418615319775,12.360270709206553,82.94522673138802
2.1896627728950815,12.45251122884769,82.94522673138802
2.2118791437533254,12.552065714981516,82.94522673138802
2.235777923586298,12.664491238214183,82.94522673138802
2.262083514652085,12.786036859836722,82.94522673138802
2.290286336187039,12.91301234595709,82.94522673138802
2.3160541741908265,12.989233854012966,83.09802658233315
2.3202034661203745,13.045047783529663,83.21225574602715
2.170900023135157,12.086634432365152,83.22457126671861
2.240110482410666,12.500823987613279,83.38304277201543
2.104935359812902,11.69484965655585,83.46270135350699
2.0421240609528137,11.318034870716383,84.27039161333582
2.3127682271709946,12.930963193649609,84.30024902563017
2.3517116757830445,13.183432559977696,84.75658837556675
2.1644176646509035,12.369891440613289,84.8101998824067
2.1816592044896392,12.447848799780738,84.8101998824067
2.2007664400102662,12.539082199616102,84.8101998824067
2.2215628351078065,12.636016577129453,84.8101998824067
2.244481911819185,12.742530398029409,84.8101998824067
2.2696358803189574,12.85621363913868,84.8101998824067
2.296543880737637,12.97615378244366,84.8101998824067
2.3251638173183067,13.102134377393801,84.81020333648935
2.203992462413839,12.266326209032174,84.92566898232782
2.355996785433601,13.244338349394948,84.982117023594
2.27433363389439,12.681931225530242,84.99010309351551
2.1368951543030703,11.867485063044395,85.33904510727487
2.3486703324774982,13.132071716743873,85.87671833839629
2.072851774389311,11.487339930586067,86.31059605909704
2.3892013547362443,13.39308367579036,86.376931179698
2.310262773098771,12.883660697605015,86.55067486391764
2.2381096485346337,12.453946653210387,86.56151338373945
2.1956026983978467,12.549605049964892,86.61269470728882
2.213168801315598,12.63161248767599,86.61269470728882
2.232602565453217,12.723399119199236,86.61269470728882
2.2545566544060316,12.822185816029721,86.61269470728882
2.278298493034673,12.928548562525261,86.61269470728882
2.3038686464948004,13.047060969625495,86.61269470728882
2.331197372107428,13.173398793724326,86.61269470728882
2.3613335473052506,13.309401797685851,86.61269471004505
2.3932252811059893,13.451138727887157,86.71247925620443
2.169378924326748,12.04385736054679,87.12808881149574
2.386023189250851,13.332704990872077,87.41466240658076
2.426868355431615,13.59846934312467,87.959571683124
2.346362418852293,13.080302482666264,88.06940144803875
2.272479814921578,12.639883585239694,88.1400149979057
2.1037376644427686,11.655375675663812,88.26790072188687
2.0116017146396117,11.122801882991096,88.45257528835819
2.202326419027293,12.222753028720051,88.83896778210519
2.423980307776401,13.546237833331034,88.91563757384563
2.3837355904863617,13.284764997646993,89.54754802552131
2.3083768374328315,12.835934402431345,89.66783504133124
2.135612873201987,11.824511152071219,90.13993032409891
2.041007342037608,11.283773845930003,90.32942428365773
2.4627502248779995,13.752960122614665,90.38232287814824
2.0197631069959847,11.355235766299314,90.46398263468204
2.236674858368109,12.407191007963053,90.48007970764539
2.0143896743945193,11.29835508776226,90.76667347914737
2.421902775704718,13.493403981342585,90.9879196856672
2.344760848860462,13.032174219420732,91.14799440263617
2.003615560167223,11.313618228707814,91.8324973693806
2.025795961445802,11.41210386845997,91.8324973693806
2.1683316092552625,12.003880016257517,91.92889131877753
2.2712895265089617,12.597797889911236,92.05877152412496
2.071884482502223,11.44875505262612,92.1862738890837
2.0100194614375924,11.247476757467389,92.36598333571447
2.4605590123263092,13.703426321361489,92.39255289800808
2.049235288249255,11.518383679682573,92.50865088677607
2.3819890694925774,13.235232628591923,92.58601995214433
2.043995927049331,11.462254143060202,92.6931979807275
2.3071019098251577,12.78619131053247,93.58130051252712
2.201202983984069,12.179131079215683,93.63996580486392
2.5010734570316315,13.923794283775408,93.76310784604715
2.420470468656029,13.442839478914888,93.98372413840407
2.0551297471176087,11.577136258782764,93.99965545356939
2.011424989633296,11.380781018289353,94.00027350022765
2.0326398694381913,11.476886037504412,94.00027350022765
2.102971741325398,11.615598160384833,94.00332355289156
2.039446772520482,11.410373850214546,94.20476952374796
2.0788711457516946,11.681914648040964,94.50945351484123
2.0738233852639194,11.627819832094145,94.57735601650225
2.0062502151643575,11.200266543212527,95.01483761914923
2.3437452083319683,12.98911414105635,95.05290192616218
2.2357689014988305,12.366572858776872,95.27912592640979
2.4592144526571835,13.656761267300244,95.34400672148632
2.0109060487732093,11.088769278027103,95.49263742262941
2.1347469784236477,11.785648450391708,95.76974266380911
2.069423237286586,11.573065916448872,96.00060533575952
2.0011471393462394,11.36560707768917,96.09670529592074
2.020046358147389,11.450870128645661,96.09670529592074
2.0402549653712994,11.541390675565431,96.09670529592074
2.061772630968537,11.636873754191255,96.09670529592074
2.084626731944775,11.74077672002412,96.09682397799786
2.1042244672111963,11.793745551029678,96.42049408721891
2.1094958711390492,11.85384894221603,96.46836450794525
2.3808455741696224,13.18446744532671,96.47793589297505
2.4998334396989623,13.8727299677572,96.66914420851838
2.0354348217091833,11.357501921519473,96.78955958665296
2.270572370542287,12.55102663847766,96.85256933278035
2.0404566929158,11.24822452428974,97.21933822189192
2.1676227452714287,11.960567630123549,97.4792243662552
2.0996226327923297,11.74085130901883,97.75546908828667
2.4196707255297327,13.398404000354626,97.8600175681453
2.5409372541347937,14.099142727841299,97.96021277044862
2.0118027157404064,11.442775064635184,98.1275394325937
2.029576535943866,11.522332968761804,98.1275394325937
2.048738252395301,11.611763741624413,98.1275394325937
2.0692488545574697,11.70486063167284,98.1275394325937
2.0915271695550675,11.80706205976589,98.1275394325937
2.1155390343578,11.91376339261934,98.1275394325937
2.135761721914064,11.970490340064453,98.2237963908874
2.306354890042092,12.744940605683302,98.36621801524676
2.140871335912747,12.025210737512765,98.38600514053834
2.0656605077915455,11.525061772349979,98.51985858227114
2.002993633713099,11.152118539493717,98.54459322139883
2.0712645725815424,11.40937406590131,98.95388729902184
2.2007920886509234,12.142084993478749,99.12969433145322
2.4587047258371193,13.605074052441925,99.20214750726795
2.131323786692055,11.911536505802188,99.47090108905195
2.3431612297836657,12.93920562213488,99.8253581269328
2.1675074683821314,12.141124671714783,99.98824236857861
2.008196508009111,11.457199181396163,100.09438126664298
2.0234411982604508,11.52773459127874,100.09438126664298
2.040118865779967,11.603923214262638,100.09438126664298
2.058178104678668,11.685530129873152,100.09438126664298
2.0777693727191178,11.77666243442944,100.09438126664298
2.099364210479026,11.873092799804326,100.09438126664298
2.122308105737044,11.974713259910265,100.09438126664298
2.1466718249318895,12.087639397229006,100.09438165295705
2.095998889651869,11.69006011753192,100.20771049615476
2.010504009688057,11.05329889577176,100.23359890450322
2.172420919066586,12.202416680565594,100.26354497788971
2.0320261650080034,11.311181289540903,100.27468906187278
2.499361258169164,13.82735710358674,100.50688930397342
2.1025432549607825,11.580015124090147,100.67528101468122
2.235230335521331,12.322630208133452,100.72130133799251
2.1632650837013574,12.090645206429,101.14820165173656
2.380331637322899,13.14500614999593,101.234446684015
2.200401463163346,12.326364215977847,101.71484065240365
2.5405839922436355,14.046227714292213,101.77630453992114
2.1275365283075214,11.862640948070823,101.85644054866349
2.062346841719151,11.475906035685112,101.958639399392
2.009605383180525,11.494110333912662,102.00075246831832
2.0221960812143847,11.551456747441783,102.00075246831832
2.036186451320437,11.61528495397054,102.00075246831832
2.0516639742116194,11.685817230241662,102.00075246831832
2.0685764714991217,11.765050800927039,102.00075246831832
2.087612852535373,11.854269354140904,102.00075246831832
2.1080763614726092,11.947900105617036,102.00075246831832
2.130013887009356,12.046950713780026,102.00075246831832
2.1533376115680207,12.150780761283904,102.00075246831832
2.178497920054516,12.264052698682498,102.00075246831832
2.205496134099003,12.382486237904937,102.10071738567947
2.2703413467953473,12.513657156192698,102.27839265060152
2.134239548030706,11.74590181522979,102.3678360062375
2.419295879118176,13.35099205760306,102.59804892461469
2.040221313579944,11.212375536067535,102.76330005539211
2.1959163054887907,12.26995740553362,102.78851076947694
2.000170596509524,11.109364335495732,102.83963327971252
2.582931723953303,14.276493938569203,103.0122127019286
2.2339226053130075,12.510757617576795,103.40433050729264
2.010367631413912,11.018231328745818,103.41696323616246
2.159644241943508,12.039769561973184,103.4664303492227
2.0928909141847827,11.643133964759759,103.59817009365395
2.3060127560464125,12.703776038017091,103.78611945490046
2.0012033406587646,11.483327537295812,103.84893810566984
2.007971541758146,11.514485898442668,103.84893810566984
2.0162710357421294,11.552365315035345,103.84893810566984
2.026035709142551,11.596669201139413,103.84893810566984
2.037313321948042,11.647768012237428,103.84893810566984
2.0500873685058862,11.711796165378894,103.84893810566984
2.0644278700278114,11.780622403042575,103.84893810566984
2.080710113020988,11.855776485217493,103.84893810566984
2.098517703772295,11.936671905529296,103.84893810566984
2.1178204289833573,12.0238467716465,103.84893810566984
2.1385863124614404,12.116751584256528,103.84893810566984
2.1608475408879726,12.217773605498449,103.84893810566984
2.185423306132143,12.331444867694646,103.84893810566984
2.2114678087131963,12.449057233881627,103.84893810566984
2.2389044578557833,12.570342222362415,103.89926124924419
2.45867107065338,13.564883813626786,103.91909704710991
2.167392785331779,11.92460203840004,104.02087039511342
2.2297006258325847,12.454585338019763,104.39282871049718
2.029209539384511,11.264247597188708,104.54152051066067
2.1921092715598376,12.214293363678895,105.03955843755193
2.2678838794742164,12.697690712528132,105.05750328957895
2.1242855005099037,11.813621886293753,105.19629222449134
2.499183459048953,13.778350734087967,105.20061540811896
2.3431261725164454,12.90117153547818,105.23876897216522
2.0710099129583797,11.374159819079315,105.51178374708152
2.200681887421726,12.103361347530765,105.62797064470408
2.016270860523,11.58237448009608,105.64082057874951
2.017026123677935,11.585989173502673,105.64082057874951
2.0193436516638856,11.597013712546476,105.64082057874951
2.023155332015411,11.614798038897694,105.64082057874951
2.028516343641657,11.640045363885017,105.64082057874951
2.0354112062356657,11.673308730697476,105.64082057874951
2.043806644088563,11.714009589188057,105.64082057874951
2.053771324765714,11.761885336608332,105.64082057874951
2.0655372077137555,11.81654418897395,105.64082057874951
2.0789666179432023,11.87815568633672,105.64082057874951
2.093972873341909,11.946529584993966,105.64082057874951
2.1105172457905184,12.02091907396445,105.64082057874951
2.1285698597490814,12.10205540303537,105.64082057874951
2.14820254532374,12.19790355611631,105.64082057874951
2.169854447195902,12.297633946755518,105.64082057874951
2.19324591506519,12.403088485356516,105.64082057874951
2.2181737318586494,12.513772538241978,105.64082057874951
2.244549117961393,12.629881514013654,105.64082057874951
2.2730092957812054,12.75531345648645,105.65954692817772
2.0402712440209685,11.179423060156674,105.85128457872541
2.2636761058236607,12.642242008634494,105.9620631768063
2.0595471248639896,11.430380137689804,106.19332957533939
2.5409302841950874,14.004394494003337,106.44535059724537
2.2260791244652016,12.40277796943828,106.57707986937073
2.380508425589846,13.10394343664343,106.63931340243498
2.3033620715533694,12.894242974307819,106.67507584269877
2.010419496890716,10.984758082511028,106.71322510929599
2.1565753767235285,11.988099928753217,106.75515875134393
2.235133784575151,12.283836531949593,107.18544212354062
2.2991793365457314,12.833972835627247,107.49665428174089
2.583102056489686,14.22812814695781,107.65525962029135
2.09026933745739,11.598366521429426,107.79854658619003
2.4194983389946816,13.30702212730153,107.9918673826216
2.1024408379658954,11.540339956302724,108.05130321203107
2.260277248120414,12.586037525311287,108.08045795532514
2.0709346055628473,11.337359693118213,108.21230357617354
2.1890638491545173,12.167281463206496,108.27669425171358
2.2704473578646973,12.474526155320678,108.6935740496822
2.3351189213980112,13.034153263750202,108.99845161193275
2.040512313000377,11.143620262720711,109.15439446642735
2.459105591554602,13.521972042971454,109.30002979541777
2.121484959705904,11.763931188294915,109.36063285872181
2.0270044971482104,11.224501883804491,109.50702026014395
2.295586814642994,12.780922306725756,109.54953556749085
2.1341196318713114,11.71284042621209,109.65445144655844
2.223063660729924,12.34726971264127,109.76211632449383
2.0106350575621423,10.95055589812689,110.11746321117494
2.306043392643432,12.662932527263992,110.15217364664638
2.1025753402455694,11.50729459061632,110.50326833300502
2.4995278062775,13.733320355994227,110.56681837540691
2.1540143490910078,11.942844113071725,110.88178199529773
2.3317664142718098,12.974549155460732,110.98631253829289
2.0571872666214355,11.386091720488063,111.1376075391395
2.257493117931078,12.538387639415987,111.21310596479621
2.1673832495248755,11.886482000147794,111.23527068597792
2.0710784327048133,11.306488604833644,111.52318845693107
2.3434162504926794,12.861750003278937,111.56231546593361
2.5415172356925044,13.960170756214268,111.79495422770773
2.1867009553204158,12.11661651510211,112.3643306159953
2.3683174181429854,13.17731960540507,112.39120239855154
2.040891664325155,11.11212991779161,112.56485302714485
2.2925959607550355,12.726219537474329,112.63072327587022
2.0880946550040504,11.552135783000896,112.71987094024132
2.1344626007626584,11.67742992590053,112.72726156610905
2.2009192948323526,12.06554276001469,112.7850824310586
2.3810507554334293,13.060035397777272,112.92724554875527
2.5838326902730775,14.183973738208424,112.98693748047037
2.010976080945062,10.920217287204975,113.62373435349322
2.2205717323530987,12.301103225119718,113.81016962507361
2.1029017312431537,11.47149353882631,113.8222502908776
2.329051336387962,12.92555776083851,114.01601086976038
2.419929017005996,13.266490614856016,114.24761885760036
2.1192209322625755,11.722088022163494,114.25667198449473
2.235273831009243,12.246775574497848,114.2970892343537
2.1676269273550024,11.848195436482428,114.88703469909795
2.0713715261813856,11.270254832580363,114.94089554789622
2.025130942930047,11.183704271116548,115.11741301221564
2.2551717144363983,12.489691320994563,115.22066779696621
2.002757896573601,11.214995537971115,115.29031502890184
2.3657059726004976,13.12521179441645,115.36986786767446
2.0081954751670765,11.27195745973175,115.44780226969768
2.4598095188869245,13.475395100207509,115.52704015995586
2.1518121951846463,11.892976720017561,115.7505527618892
2.270796293671585,12.432868593199352,115.76809270853981
2.134958005487172,11.641679378068623,116.05528125809131
2.0413581951935713,11.075950338709736,116.07827265534155
2.2901475099612227,12.677357165969351,116.59799682844321
2.40397795139538,13.330291844728462,116.69320429779108
2.0551831227863726,11.341715575266546,116.73365885788806
2.5003068868122833,13.694214415842078,116.76689195920842
2.2013877855756596,12.029722652126734,116.98536950004188
2.031782369204941,11.376819565610605,117.0921721644009
2.0144324470978794,11.331396187489842,117.1255544936111
2.3065792569330714,12.626602210688786,117.19574269460962
2.1847465929569103,12.074321998890866,117.20505975622757
2.011361941154562,10.88715826984928,117.22963105418869
2.103409967456596,11.436136632667335,117.24850881425769
2.037508018747306,11.432849830160674,117.35107642028338
2.3268223247123117,12.875917940785113,117.94263404916919
2.542419499499468,13.910759696251546,117.97066805477165
2.0266165319000855,11.31800128945411,118.2165840323223
2.1680811604259036,11.813669589956886,118.22482228345545
2.0862699036996903,11.510892970662793,118.29930625356681
2.0720046929582447,11.239644503542028,118.4617648585477
2.343940938293771,12.816677207652392,118.58098847818535
2.218482891342773,12.253825602705957,118.62134738428108
2.0616714430985565,11.540528485885803,118.8570328551448
2.2356382856090002,12.20754276316393,119.02436412793045
2.0006311439832225,11.298778438427927,119.06618883785929
2.0216206085780537,11.39600072624299,119.06618883785929
2.043833100836369,11.495990739527478,119.06618883785929
2.5851452513444957,14.143459274718788,119.13850445520843
2.067223965224126,11.599138012627916,119.21561802025184
2.363746503785347,13.073144095685196,119.25592425231315
2.1356153341605943,11.607762067833407,119.49019038638663
2.04193926217794,11.044622389745069,119.68996332672833
2.117523079758202,11.676403726496085,119.81916268229627
2.0566734616103823,11.485859941857791,119.90107072359153
2.381867749099006,13.022713130461813,119.92289900517964
2.2533154001710765,12.441134352418162,120.0016426986657
2.2020197386803395,11.990390148493272,120.33283308555568
2.022218639720923,11.269417665487996,120.48693724330816
2.40189331754162,13.279486244141262,120.53884719066959
2.0917752716974465,11.706450885027158,120.58572470138137
2.1039451186725424,11.401994633658578,120.7770628001339
2.0118090406333713,10.856578544553503,120.9289603556875
2.0093549838651525,11.372982271613877,120.95129574111965
2.029556830430764,11.4634565571923,120.95129574111965
2.0508893713476564,11.558032302902408,120.95129574111965
2.073439924446781,11.656856655074357,120.95129574111965
2.0972976343984895,11.764828058715233,121.04215267215824
2.2713901218211126,12.396658223678843,121.06941904093667
2.4206527811181036,13.220746444548682,121.22427429815001
2.150095669065309,11.85126537739234,121.29435066435536
2.023574257847859,11.14260751926224,121.34372226670548
2.2883839258210434,12.63194732932512,121.34759545359162
2.086916441048709,11.652448144338875,121.55067975268614
2.1686338104976475,11.776954122089302,121.66876797657682
2.440973346639819,13.487615562372723,121.7922778328726
2.0726814871423738,11.206034642829964,122.08040278672168
2.0522059561056687,11.433516832154057,122.10627266087394
2.1230748574886955,11.88023294279736,122.27898538892825
2.236238803930801,12.174176527006768,122.3822145350453
2.4608070825905544,13.4371131042838,122.48477720915818
2.3250516714869987,12.823322682714277,122.66013619346444
2.183172560964639,12.03050857923813,122.72768987473165
2.0010879998309647,11.364864096517271,122.78349799570879
2.019010489726053,11.445434850691276,122.78349799570879
2.0381845772235287,11.53081058996232,122.78349799570879
2.058658744076858,11.625351089523198,122.78349799570879
2.0803172674388652,11.722888146259711,122.78349799570879
2.1038173049535827,11.828998956756953,122.78349799570879
2.1287495308457864,11.938887983291457,122.83129908065483
2.053510338808613,11.303341571052496,122.94613288229648
2.1363544238507024,11.571099923387024,123.0275162298101
2.118015457615513,11.820207360933361,123.16598279807819
2.307371823218304,12.584273506616537,123.30305791766774
2.0424889155738573,11.008256776447713,123.39578300111789
2.0826085405836174,11.598027017932543,123.69189038680021
2.5011805658488777,13.645731549553991,123.70732363208863
2.0184046971865084,11.221001751914423,123.73585744347466
2.202765556116348,11.956339316379262,123.78699725525978
2.154894085846608,12.052576672602711,123.93720813696856
2.3622158493271264,13.027023298018513,123.94229937873992
2.216729335128136,12.20798133486714,124.12311367640197
2.272132461372851,12.35359173895371,124.37498492367622
2.1045652410604605,11.367869993965781,124.40399641759353
2.084788764337142,11.466035644010137,124.49870104952407
2.01263106809535,11.44801072324324,124.56466174141357
2.029530245808135,11.52576389007082,124.56466174141357
2.0477347840706366,11.608119206465135,124.56466174141357
2.0671784898021714,11.695294250702725,124.56466174141357
2.0882097688816192,11.791494199345113,124.56466174141357
2.111005023938388,11.892819962847932,124.56466174141357
2.1350722793219807,12.001266206391486,124.56466174141357
2.160381348911193,12.11434916321395,124.58361920817786
2.012283214213169,10.823051032833709,124.71840371993794
2.1499874419220792,11.998149692907734,124.7479789047027
2.543750187335433,13.871142596929609,124.89316537308068
2.400146983805555,13.224076866981198,125.192988386161
2.1693048424308383,11.744453675876887,125.21556806478951
2.1134656789055666,11.767387572442985,125.2434785597308
2.0482259896581856,11.380790957300308,125.30220326917262
2.251799702356906,12.396356712079271,125.48036398337227
2.3446857250293345,12.779752878146729,125.48452379962691
2.187173290421834,12.231885894601296,125.5609683442955
2.073430619222187,11.172222259951303,125.79368277519133
2.2370689403321173,12.133700540345515,125.84679380220658
2.1162582317612326,11.63765530729942,126.00367800508313
2.5864823150564296,14.092554977698356,126.04407822078741
2.182204677832429,12.170259295023964,126.29692937548276
2.3083410054857536,12.549816239943944,126.31302815135818
2.439564834597661,13.439643162571008,126.41441705973972
2.137121431007386,11.53757050427212,126.66313795658678
2.1456008340678068,11.939438042074132,126.76285840506357
2.287110452309423,12.582652868357261,126.80287044212497
2.078800405589741,11.548964128030315,126.83513308670159
2.0430654418503735,10.977947123022199,127.19170938531688
2.2035734628797043,11.915388057730977,127.34319468235128
2.1486331385875386,11.80798550262236,127.4639664016347
2.382806198128131,12.981358876354504,127.52559307587673
2.4791476610786427,13.647714233913998,127.60726124993212
2.2158540387171035,12.357384729905581,127.81353131761809
2.0150758690707367,11.173142349159567,127.8397375635529
2.2730242415957242,12.318839282130197,127.84998158950579
2.323645063677729,12.777959655904345,128.09180577983363
2.105167826607729,11.335583352072693,128.12488429778105
2.0222952025483765,11.104218079849492,128.17202005678374
2.3456448252775193,12.74191368572432,128.19827648248818
2.1780138235895765,12.119127322254409,128.25033353499708
2.1095323069156744,11.713279840418789,128.3352365037508
2.0129337767154687,10.791327255222471,128.5939831926208
2.4215985124239334,13.18528574556898,128.80283503524285
2.169935720112859,11.706817141809452,128.85997817248594
2.1819425392096576,11.985539691375902,128.88233542100366
2.361014245331869,12.974028977815266,129.3486027758024
2.044677778323338,11.332661979877813,129.36428271721172
2.238138021810173,12.100364805548569,129.41335819852452
2.0741231023629605,11.137917167029169,129.59655434314408
2.211435417681351,12.30112144651612,129.70660527200042
2.052202200321303,11.262290986036648,129.7550549412504
2.3093866991535257,12.511431726332958,129.79855954018765
2.1417840505418764,11.889613958704855,129.80346058378822
2.3839174121994957,12.9412585204154,130.0325821159965
2.4619629772559737,13.395454018708719,130.0431316979321
2.2154803556788307,12.166945695859512,130.26126879651198
2.1378663617339613,11.499609749930011,130.39241491016813
2.398890995755485,13.180874251688065,130.57433017450623
2.0754130900648824,11.497044698573488,130.8549257888148
2.204412250896546,11.88134983059202,130.9973109044305
2.0435433807272463,10.943183227242278,131.07400707304387
2.2457019082230056,12.486667089072245,131.13166802429987
2.174319885470422,12.06795690618801,131.23970627504428
2.502687818118521,13.609923347538542,131.2466836754156
2.083550871166099,11.427495883605518,131.2925906995678
2.2739861495543705,12.282952035533048,131.42680105731188
2.250596654991024,12.34745807275882,131.6019876165357
2.3465875090177017,12.702993279171306,131.69554971369877
2.4384707823925504,13.389934697976306,131.77106049214498
2.4226499890652606,13.146532654617417,131.81760815970216
2.10573201108674,11.300251179352506,131.93607071466502
2.1063313315834042,11.667129563446474,132.3130191547091
2.5451014332456436,13.827395157825638,132.41529543123326
2.0134398290329747,10.756841299063357,132.55239795872313
2.1708011359199797,11.67354898157436,132.59858906742193
2.207570760703654,12.244023959779922,132.6465176136392
2.012055757349423,11.128376016196725,132.70777390940765
2.1151912184656894,11.597218395567664,132.78364704806927
2.2861289834818956,12.541287171465738,132.90749032735783
2.4783928193130214,13.60303715466778,132.93823662212245
2.239101241474361,12.063589529367487,133.07718312620284
2.310482574772898,12.471044379528497,133.38672321491376
2.0746965412301024,11.102800273219067,133.48651670191907
2.385131736607117,12.902753987109307,133.5414290557016
2.588249305814439,14.054201806059103,133.54998277078383
2.4632272376449866,13.350865321642186,133.55502997355862
2.0212598402402433,11.06391008333521,133.72507639613124
2.138388242868379,11.838830681538145,133.73923766002008
2.2420166630240645,12.43387663477284,134.02293011004096
2.519871690894306,13.820964368480706,134.0779554234068
2.32249074328921,12.731150246077677,134.1779022133597
2.041460677681848,11.284956112836339,134.1991783161053
2.138567383730754,11.465194014884991,134.21225262045363
2.1473955533184483,11.766108512640587,134.23066745022467
2.2051860827634733,11.845165752343393,134.7453580393118
2.043914368655497,10.911627189739393,135.03912512707967
2.274830683844412,12.245070755784315,135.10125784266017
2.1710953889939777,12.01508721086737,135.13453812778678
2.504202624363365,13.56957810739163,135.2463805201039
2.3475724288513224,12.666026610785497,135.29418844097432
2.423936295973405,13.104203065025308,135.33803269435765
2.276676216607814,12.618517637551621,135.3700461436568
2.36012278261258,12.931527801749397,135.41585964883498
2.1809114486355097,11.944730354705559,135.63571674861583
2.07236889189548,11.451970778372752,135.6563631261411
2.106191239634002,11.266087327656958,135.83369903801952
2.0513267509129554,11.225779924643414,135.85895581522672
2.1715830411315924,11.63430349663025,136.42763837907734
2.204109159265028,12.195173557549426,136.49970906822702
2.013870047209861,10.723110347911756,136.58997946464322
2.397974612963147,13.134870733239392,136.6225378483592
2.020412048308217,11.02702031082172,136.8070873876568
2.2400683060623865,12.024941439995233,136.83532244696462
2.546581223001396,13.783034533299924,136.89243334687214
2.214613732318716,12.12136839214332,137.0009830631211
2.3115488033579736,12.43373586600416,137.072236515687
2.1034950776613788,11.620038149956041,137.08057355055305
2.464589241219413,13.31176249759046,137.0870336865283
2.3863026221447767,12.858293188391562,137.15182874774507
2.0751762389783046,11.066327389521382,137.45885953123985
2.437735402776119,13.33952979619064,137.79851824540614
2.238761385704126,12.377321112925033,137.8360565007463
2.0824936092550237,11.386439853554931,137.93748173654524
2.139127771704251,11.427531864539644,138.1183443329038
2.0093725045112807,11.082247835033753,138.2700915124792
2.249669328844107,12.305645285928826,138.32852250061512
2.1353241002170384,11.787773146307865,138.4728952399505
2.5899098846014654,14.012855077953512,138.49467306799164
2.205881149818154,11.809455482335416,138.58359128900108
2.505669191408871,13.52338386295263,138.79001540594535
2.275656174077841,12.208669137194683,138.86953271127138
2.477836231706457,13.556415398029355,138.94626789727795
2.050586843171779,11.18533374546477,138.95751394170782
2.4253627191602787,13.065774848504182,138.959437939502
2.3485553692637504,12.624192398421012,138.9902976675962
2.044166349558644,10.875701214096061,139.083754104586
2.2736455225693137,12.569426680449967,139.14308174469537
2.2853861708260763,12.496347821738784,139.6193788049516
2.0389267859389713,11.242836459263993,139.73642210689175
2.1067098130148803,11.229571621093625,139.81447764439824
2.1682215468182835,11.967474845332296,139.83447836524667
2.0196223741757087,10.987095394133927,139.99505470769162
2.519180357493536,13.768156294604376,140.0664261397285
2.1143162338750994,11.556203517480792,140.14143469898596
2.172350616038621,11.599861038276462,140.34264322049793
2.309604445489714,12.76026830014532,140.4213839232514
2.5479719170785913,13.744037991960127,140.44834959245588
2.240880394747029,11.987078220519502,140.6832804492588
2.0141495947866632,10.687212407428966,140.70382429113053
2.4658544362335655,13.26663107057562,140.72028860896845
2.312508894949268,12.391028008286973,140.85071331964784
2.3874263127648963,12.820704801050535,140.85865425941594
2.3216849324553044,12.6874813442344,140.8766769332052
2.08163825290571,11.348641011279673,141.05151920659983
2.5617524507804377,13.99745435671363,141.1588405823636
2.2013607995136066,12.142717190337112,141.16581167535261
2.069675589303573,11.404605195174643,141.16698367401858
2.075540289508281,11.0311370954638,141.5113953097793
2.146498496448925,11.727860537110391,141.57308444345193
2.5915559418187857,13.962710789807623,142.06353199992472
2.35946849678401,12.886656468685613,142.09975511898423
2.139605974305497,11.393514641704542,142.10788420026856
2.049993664507138,11.149754409256708,142.16093160177877
2.5071876954102827,13.48380039662688,142.43499953898137
2.235905099343324,12.328621805297535,142.46808710528808
2.2064648152549315,11.772164328498466,142.50845586813793
2.100935775078573,11.572884117520273,142.5644701229343
2.4265934189952896,13.019793173801784,142.6781112823554
2.2762982699422696,12.168411164817574,142.7279226848344
2.349738817152103,12.586622452979848,142.78003325114298
2.180104243726691,11.89943038303859,142.96445851559034
2.1136221183319233,11.51749553615568,143.0906837947935
2.0442475459145193,10.841674999820182,143.2047142304408
2.0189720311854145,10.952319039683095,143.28477925333488
2.397579989547636,13.08657775931794,143.29131860358888
2.27098722548669,12.51853984843317,143.74192604981397
2.1071465487311185,11.19324831392689,143.8749587803158
2.132589534443808,11.743261489697979,143.92975346627384
2.549304667987022,13.695534405961492,144.1052218155572
2.080901015317252,11.311362760821783,144.26999995883025
2.214021330185388,12.082553570090976,144.31730946751918
2.172888043824923,11.558915116583242,144.34162502967084
2.467035822107913,13.229052326450754,144.45078306299814
2.4371978491294652,13.293440398959241,144.4527158427227
2.007003033870279,11.039507480259212,144.4754363084292
2.241578986937827,11.946327216617629,144.61845677008023
2.38839741953486,12.776606899501518,144.65992862327076
2.3133873805464,12.353275411324319,144.7201429257228
2.01421344994152,10.6488164817454,144.89014214698213
2.306749376464635,12.70724915896965,144.9883214728858
2.145815542807083,11.686313338231395,145.0770874728807
2.1656955102758695,11.916035911954804,145.26447447793484
2.04947079827595,11.109494960199951,145.46545409475894
2.4775181773240207,13.504347967296596,145.58392521256832
2.2489460844214264,12.263438140939463,145.632174230249
2.075708403091904,10.99402921019575,145.64005933449508
2.593228329445967,13.921785940801556,145.7321128887051
2.036677109785125,11.196898050291576,145.92096942444368
2.5085358926235792,13.437574961758758,146.17702004987456
2.1398976780066588,11.355212077175878,146.17711399413727
2.3439127145820775,12.907771953610538,146.206937194729
2.1130542676261865,11.476148843333434,146.32502389841576
2.4278063472786666,12.981039952789823,146.490279084819
2.2068833482671946,11.734111391953272,146.5165943259953
2.199030131280781,12.097811022952458,146.56774518872885
2.3506800850129244,12.542461378586925,146.65982896431925
2.018354906639098,10.914957205759034,146.67283004564015
2.2770036117864545,12.130399727845965,146.6729693120161
2.5187668241441794,13.723778412703771,146.68777112008596
2.2848513701710242,12.451957873826554,146.91115603474213
2.179489334742438,11.86016575465384,147.01231327043712
2.0672665369502106,11.358934157391246,147.33115151227037
2.0442600715806316,10.804520408288532,147.39911203779013
2.0802477475338876,11.273160745194838,147.59022357362988
2.561511882545873,13.941812892092974,147.76508881663108
2.233356084986723,12.278045351399678,147.843159441829
2.550616423590338,13.65627950412346,147.85905409968544
2.1073980428831374,11.154860550660167,148.01225033064023
2.320999997230863,12.645064221123498,148.15564666348337
2.4680198437504055,13.185540861437008,148.2741663127489
2.14540692717051,11.648617476823395,148.3271231302006
2.1733297995489558,11.521946345073609,148.41976155190656
2.3892659672395244,12.739499127193833,148.55034410505743
2.2420994193880426,11.907430269554244,148.63615153873315
2.314038670229492,12.31133868314903,148.67525904414967
2.0987059238932018,11.528519440069731,148.70848601919738
2.04902715697655,11.073849205813486,148.86852529662008
2.213522896753493,12.040998324678085,148.89781094326273
2.2686521243398814,12.466804716304818,149.08960056917806
2.014120580065841,10.615676184086189,149.14803790820596
2.358992599437614,12.837672927774193,149.36655238619173
2.5946008229221866,13.873897109379174,149.49794841687702
2.112545181024238,11.437386923208097,149.66039166285995
2.075700442019738,10.959292258785021,149.8426165515348
