n_B_over_n0,T_MeV,R_star_fm
0.1,10.0,2.63116081
0.13979930511686672,10.0,2.63116081
0.17959867340492736,10.0,2.63116081
0.21939797852179407,10.0,2.63116081
0.25919734680985473,10.0,2.63116081
0.2989966519267214,10.0,2.63116081
0.33879595704358817,10.0,2.63116081
0.3785953253316488,10.0,2.63116081
0.4183946304485155,10.0,2.63116081
0.4581939987365761,10.0,2.63116081
0.49799330385344287,10.0,2.63116081
0.5377926721415035,10.0,2.63116081
0.5775919772583702,10.0,2.63116081
0.6173912823752369,10.0,2.63116081
0.6571907770056854,10.0,2.63116081
0.6969898926089704,10.0,2.63116081
0.7367890082122552,10.0,2.63116081
0.7765887555274795,10.0,2.63116081
0.8163878711307644,10.0,2.63116081
0.8561869867340492,10.0,2.63116081
0.8959867340492736,10.0,2.63116081
0.9357858496525585,10.0,2.63116081
0.9755855969677827,10.0,2.63116081
1.0153847125710675,10.0,2.63116081
1.0551838281743526,10.0,2.63116081
1.0949835754895767,10.0,2.63116081
1.1347826910928616,10.0,2.63116081
1.1745818066961466,10.0,2.63116081
1.214381554011371,10.0,2.63116081
1.2541806696146558,10.0,2.63116081
1.2939797852179407,10.0,2.63116081
1.333779532533165,10.0,2.63116081
1.3735786481364498,10.0,2.63116081
1.413377763739735,10.0,2.63116081
1.453177511054959,10.0,2.63116081
1.4929766266582438,10.0,2.63116081
1.532775742261529,10.0,2.63116081
1.5725754895767532,10.0,2.63116081
1.6123746051800378,10.0,2.63116081
1.652173720783323,10.0,2.63116081
1.6919734680985472,10.0,2.63116081
1.7317725837018318,10.0,2.59921666
1.771571699305117,10.0,2.55660023
1.8113714466203412,10.0,2.51497119
1.8511705622236259,10.0,2.4743085
1.890969677826911,10.0,2.43462268
1.9307694251421352,10.0,2.3958797
1.9705685407454203,10.0,2.35809851
2.010367656348705,10.0,2.32132053
2.050167403663929,10.0,2.28560576
2.089966519267214,10.0,2.25108248
2.129765634870499,10.0,2.21786108
2.169565382185723,10.0,2.18618904
2.209364497789008,10.0,2.15628826
2.249163613392293,10.0,2.12848075
2.2889633607075175,10.0,2.10306852
2.328762476310802,10.0,2.08036358
2.368561591914087,10.0,2.06049139
2.4083613392293115,10.0,2.04352404
2.448160454832596,10.0,2.02942028
2.4879595704358817,10.0,2.01798703
2.5277593177511055,10.0,2.00896763
2.56755843335439,10.0,2.00208697
2.6073575489576757,10.0,1.99704029
2.6471572962728995,10.0,1.99362807
2.686956411876184,10.0,1.99156265
2.726756159191409,10.0,1.99063074
2.7665552747946935,10.0,1.99070988
2.8063543903979786,10.0,1.99158094
2.846154137713203,10.0,1.99314025
2.8859532533164876,10.0,1.99527843
2.9257523689197726,10.0,1.99790617
2.965552116234997,10.0,2.00090147
3.0053512318382816,10.0,2.00421124
3.0451503474415667,10.0,2.00774766
3.084950094756791,10.0,2.01149451
3.124749210360076,10.0,2.01534915
3.1645483259633607,10.0,2.01927731
3.204348073278585,10.0,2.0232624
3.2441471888818696,10.0,2.02722565
3.283946304485155,10.0,2.03112982
3.323746051800379,10.0,2.03495673
3.3635451674036636,10.0,2.03864741
3.403344283006949,10.0,2.04221966
3.443144030322173,10.0,2.04562468
3.4829431459254576,10.0,2.04880468
3.522742261528743,10.0,2.0517846
3.562542008843967,10.0,2.05455651
3.6023411244472525,10.0,2.05705319
3.642140240050537,10.0,2.0592993
3.681939987365761,10.0,2.06129586
3.7217391029690465,10.0,2.0629896
3.761538218572331,10.0,2.06443302
3.801337965887555,10.0,2.06555591
3.8411370814908405,10.0,2.06643811
3.880936197094125,10.0,2.06700814
3.92073594440935,10.0,2.06729776
3.9605350600126346,10.0,2.06728592
4.00033417561592,10.0,2.06699635
4.040133922931144,10.0,2.06642723
4.079933038534429,10.0,2.06558246
4.119732154137713,10.0,2.06447194
4.1595319014529375,10.0,2.06304306
4.199331017056222,10.0,2.06135589
4.239130132659508,10.0,2.05939283
4.278929879974732,10.0,2.05714567
4.318728995578017,10.0,2.05459759
4.358528742893241,10.0,2.05177167
4.3983278584965255,10.0,2.04868209
4.43812697409981,10.0,2.04526987
4.477926721415035,10.0,2.04159948
4.51772583701832,10.0,2.03763073
4.557524952621605,10.0,2.03336616
4.597324699936829,10.0,2.02885092
4.6371238155401135,10.0,2.02403017
4.676922931143398,10.0,2.018952
4.716722678458623,10.0,2.01359275
4.756521794061908,10.0,2.00798712
4.796320909665193,10.0,2.00210081
4.836120656980417,10.0,1.99602278
4.875919772583702,10.0,1.98966227
4.915718888186986,10.0,1.98311175
4.955518635502211,10.0,1.97632802
4.995317751105496,10.0,1.96933441
5.035116866708781,10.0,1.96208201
5.074916614024005,10.0,1.95462473
5.11471572962729,10.0,1.94694855
5.154514845230575,10.0,1.93903264
5.194314592545799,10.0,1.93085713
5.234113708149084,10.0,1.9224008
5.273912823752369,10.0,1.91370195
5.313712571067593,10.0,1.90473971
5.353511686670878,10.0,1.89548135
5.393310802274163,10.0,1.88594948
5.433110549589387,10.0,1.8760991
5.472909665192672,10.0,1.86593293
5.512708780795958,10.0,1.85547652
5.552508528111181,10.0,1.84472697
5.592307643714466,10.0,1.83365261
5.632106759317751,10.0,1.8222802
5.6719065066329755,10.0,1.81059971
5.711705622236261,10.0,1.79858647
5.751504737839546,10.0,1.78629793
5.791304485154769,10.0,1.77370059
5.831103600758055,10.0,1.76078412
5.870902716361339,10.0,1.74758679
5.9107024636765635,10.0,1.7341057
5.950501579279849,10.0,1.72035362
5.990300694883134,10.0,1.70633389
6.030100442198358,10.0,1.69203967
6.069899557801643,10.0,1.67749538
6.109699305116867,10.0,1.66274036
6.149498420720152,10.0,1.64774404
6.189297536323437,10.0,1.63256489
6.22909728363866,10.0,1.61718961
6.268896399241946,10.0,1.6016383
6.308695514845231,10.0,1.58597917
6.348496525584333,10.0,1.57022007
6.3882943777637395,10.0,1.55434015
6.428092229943147,10.0,1.53841031
6.467890082122553,10.0,1.52244345
6.507694251421352,10.0,1.50642781
6.547492103600758,10.0,1.49045306
6.587289955780164,10.0,1.47449373
6.62708780795957,10.0,1.45854359
6.666891977258371,10.0,1.44265338
6.706689829437776,10.0,1.42683029
6.746487681617182,10.0,1.41109111
6.786285533796589,10.0,1.3954035
6.826089703095389,10.0,1.37979852
6.865887555274795,10.0,1.36427603
6.905685407454201,10.0,1.348825
6.9454832596336065,10.0,1.33347732
6.985287428932407,10.0,1.3181986
7.025085281111814,10.0,1.30302719
7.064883133291219,10.0,1.28792669
7.104680985470625,10.0,1.27291462
7.1444788376500314,10.0,1.25800163
7.1842830069488315,10.0,1.24317801
7.224080859128238,10.0,1.2284341
7.263878711307644,10.0,1.21378445
7.30367656348705,10.0,1.19923661
7.34348073278585,10.0,1.18476191
7.3832785849652565,10.0,1.17038902
7.423076437144663,10.0,1.15610879
7.462874289324068,10.0,1.14190907
7.502678458622867,10.0,1.12781706
7.542476310802275,10.0,1.11382315
7.5822741629816806,10.0,1.0999121
7.622072015161087,10.0,1.08611259
7.661869867340493,10.0,1.07241031
7.701674036639292,10.0,1.05881122
7.741471888818699,10.0,1.04530388
7.7812697409981055,10.0,1.03191016
7.821067593177512,10.0,1.01861759
7.860871762476311,10.0,1.00543133
7.900669614655716,10.0,0.992353553
7.940467466835124,10.0,0.979373049
7.98026531901453,10.0,0.966524473
8.020069488313329,10.0,0.953765126
8.059867340492735,10.0,0.941142055
8.099665192672141,10.0,0.928613844
8.13946304485155,10.0,0.91619836
8.179267214150348,10.0,0.903910829
8.219065066329753,10.0,0.891726887
8.258862918509159,10.0,0.87967417
8.298660770688565,10.0,0.86772838
8.338458622867973,10.0,0.855904245
8.378262792166772,10.0,0.844202965
8.418060644346179,10.0,0.832612857
8.457858496525585,10.0,0.821148477
8.49765634870499,10.0,0.809797543
8.53746051800379,10.0,0.798585665
8.577258370183197,10.0,0.787477261
8.617056222362603,10.0,0.77649728
8.656854074542009,10.0,0.765645769
8.696658243840808,10.0,0.754911649
8.736456096020214,10.0,0.744296076
8.77625394819962,10.0,0.733809519
8.816051800379027,10.0,0.723441515
8.855855969677828,10.0,0.713193137
8.895653821857234,10.0,0.703073352
8.93545167403664,10.0,0.693072858
8.975249526216045,10.0,0.68319124
9.015047378395451,10.0,0.673428624
9.054851547694252,10.0,0.663794466
9.094649399873658,10.0,0.654278578
9.134447252053064,10.0,0.644889586
9.17424510423247,10.0,0.635609957
9.21404927353127,10.0,0.626456164
9.253847125710676,10.0,0.61741945
9.293644977890082,10.0,0.608499381
9.333442830069488,10.0,0.599702987
9.373246999368288,10.0,0.59102207
9.413044851547696,10.0,0.582448597
9.452842703727102,10.0,0.573996743
9.492640555906506,10.0,0.565665449
9.532438408085913,10.0,0.557440319
9.572242577384712,10.0,0.549333816
9.61204042956412,10.0,0.54133237
9.651838281743526,10.0,0.533448081
9.691636133922932,10.0,0.52567385
9.731440303221731,10.0,0.518009019
9.771238155401138,10.0,0.510452491
9.811036007580544,10.0,0.503004109
9.85083385975995,10.0,0.495657301
9.89063802905875,10.0,0.488422956
9.930435881238155,10.0,0.481295037
9.970233733417562,10.0,0.474267429
10.010031585596968,10.0,0.467346013
10.049835754895767,10.0,0.460525509
10.089633607075173,10.0,0.453807548
10.12943145925458,10.0,0.447190007
10.169229311433986,10.0,0.440679258
10.209027163613394,10.0,0.43427168
10.248831332912193,10.0,0.427753061
10.288629185091597,10.0,0.421507354
10.328427037271004,10.0,0.415354897
10.36822488945041,10.0,0.409298528
10.40802905874921,10.0,0.40332908
10.447826910928617,10.0,0.39744991
10.487624763108023,10.0,0.391664834
10.52742261528743,10.0,0.385907093
10.567226784586229,10.0,0.380286712
10.607024636765635,10.0,0.374751246
10.646822488945041,10.0,0.369299561
10.686620341124447,10.0,0.36393397
10.726424510423248,10.0,0.358646474
10.766222362602655,10.0,0.353442939
10.806020214782059,10.0,0.348315396
10.845818066961465,10.0,0.343269459
10.885615919140871,10.0,0.338300832
10.925420088439672,10.0,0.333408381
10.965217940619079,10.0,0.328591167
11.005015792798485,10.0,0.323847995
11.044813644977891,10.0,0.319177864
11.08461781427669,10.0,0.314579845
11.124415666456096,10.0,0.310052967
11.164213518635503,10.0,0.305595922
11.204011370814909,10.0,0.301208195
11.243815540113708,10.0,0.296890972
11.283613392293114,10.0,0.292637918
11.32341124447252,10.0,0.288451471
11.363209096651927,10.0,0.284329787
11.403006948831333,10.0,0.280271842
11.442811118130132,10.0,0.276275846
11.482608970309538,10.0,0.272343927
11.522406822488946,10.0,0.268472748
11.562204674668353,10.0,0.264662131
11.602008843967152,10.0,0.260945981
11.641806696146556,10.0,0.25729431
11.681604548325963,10.0,0.253738828
11.72140240050537,10.0,0.25023721
11.76120656980417,10.0,0.246786551
11.801004421983576,10.0,0.243384193
11.840802274162982,10.0,0.240033234
11.880600126342388,10.0,0.236730944
11.920404295641188,10.0,0.233477866
11.960202147820594,10.0,0.230271973
12.0,10.0,0.227112025
0.1,30.0,2.63116081
0.13979930511686672,30.0,2.63116081
0.17959867340492736,30.0,2.63116081
0.21939797852179407,30.0,2.63116081
0.25919734680985473,30.0,2.63116081
0.2989966519267214,30.0,2.63116081
0.33879595704358817,30.0,2.63116081
0.3785953253316488,30.0,2.63116081
0.4183946304485155,30.0,2.63116081
0.4581939987365761,30.0,2.63116081
0.49799330385344287,30.0,2.63116081
0.5377926721415035,30.0,2.63116081
0.5775919772583702,30.0,2.63116081
0.6173912823752369,30.0,2.63116081
0.6571907770056854,30.0,2.63116081
0.6969898926089704,30.0,2.63116081
0.7367890082122552,30.0,2.63116081
0.7765887555274795,30.0,2.63116081
0.8163878711307644,30.0,2.63116081
0.8561869867340492,30.0,2.63116081
0.8959867340492736,30.0,2.63116081
0.9357858496525585,30.0,2.63116081
0.9755855969677827,30.0,2.63116081
1.0153847125710675,30.0,2.63116081
1.0551838281743526,30.0,2.63116081
1.0949835754895767,30.0,2.61129199
1.1347826910928616,30.0,2.56950855
1.1745818066961466,30.0,2.52979439
1.214381554011371,30.0,2.49200196
1.2541806696146558,30.0,2.456008
1.2939797852179407,30.0,2.4216977
1.333779532533165,30.0,2.38897321
1.3735786481364498,30.0,2.35775603
1.413377763739735,30.0,2.327967
1.453177511054959,30.0,2.29954692
1.4929766266582438,30.0,2.27243629
1.532775742261529,30.0,2.2465853
1.5725754895767532,30.0,2.22195298
1.6123746051800378,30.0,2.19849436
1.652173720783323,30.0,2.17617536
1.6919734680985472,30.0,2.15495792
1.7317725837018318,30.0,2.13481296
1.771571699305117,30.0,2.11570665
1.8113714466203412,30.0,2.0976065
1.8511705622236259,30.0,2.0804849
1.890969677826911,30.0,2.06430952
1.9307694251421352,30.0,2.04905202
1.9705685407454203,30.0,2.03468556
2.010367656348705,30.0,2.02117201
2.050167403663929,30.0,2.00848689
2.089966519267214,30.0,1.99659124
2.129765634870499,30.0,1.985449
2.169565382185723,30.0,1.97506678
2.209364497789008,30.0,1.96537231
2.249163613392293,30.0,1.95635678
2.2889633607075175,30.0,1.94797278
2.328762476310802,30.0,1.9402146
2.368561591914087,30.0,1.93305855
2.4083613392293115,30.0,1.9264429
2.448160454832596,30.0,1.92034648
2.4879595704358817,30.0,1.91476967
2.5277593177511055,30.0,1.9096536
2.56755843335439,30.0,1.90500037
2.6073575489576757,30.0,1.90077264
2.6471572962728995,30.0,1.8969328
2.686956411876184,30.0,1.89346398
2.726756159191409,30.0,1.89036946
2.7665552747946935,30.0,1.88757087
2.8063543903979786,30.0,1.88509177
2.846154137713203,30.0,1.8829137
2.8859532533164876,30.0,1.88097649
2.9257523689197726,30.0,1.87928133
2.965552116234997,30.0,1.8778071
3.0053512318382816,30.0,1.87653268
3.0451503474415667,30.0,1.87545617
3.084950094756791,30.0,1.87451026
3.124749210360076,30.0,1.87373519
3.1645483259633607,30.0,1.87305967
3.204348073278585,30.0,1.87249979
3.2441471888818696,30.0,1.87202574
3.283946304485155,30.0,1.87160655
3.323746051800379,30.0,1.87125473
3.3635451674036636,30.0,1.87093728
3.403344283006949,30.0,1.87064121
3.443144030322173,30.0,1.87033114
3.4829431459254576,30.0,1.87003994
3.522742261528743,30.0,1.86968122
3.562542008843967,30.0,1.86931254
3.6023411244472525,30.0,1.86886932
3.642140240050537,30.0,1.86835943
3.681939987365761,30.0,1.86776751
3.7217391029690465,30.0,1.86710172
3.761538218572331,30.0,1.86629532
3.801337965887555,30.0,1.86538612
3.8411370814908405,30.0,1.86435515
3.880936197094125,30.0,1.86319296
3.92073594440935,30.0,1.86185826
3.9605350600126346,30.0,1.86038842
4.00033417561592,30.0,1.85875231
4.040133922931144,30.0,1.8569352
4.079933038534429,30.0,1.85496009
4.119732154137713,30.0,1.85279341
4.1595319014529375,30.0,1.85043134
4.199331017056222,30.0,1.84787893
4.239130132659508,30.0,1.84513145
4.278929879974732,30.0,1.84219341
4.318728995578017,30.0,1.83901959
4.358528742893241,30.0,1.83567015
4.3983278584965255,30.0,1.8321052
4.43812697409981,30.0,1.82833976
4.477926721415035,30.0,1.8243635
4.51772583701832,30.0,1.82016782
4.557524952621605,30.0,1.81575068
4.597324699936829,30.0,1.81113634
4.6371238155401135,30.0,1.80632627
4.676922931143398,30.0,1.80126887
4.716722678458623,30.0,1.7960259
4.756521794061908,30.0,1.79057408
4.796320909665193,30.0,1.78490081
4.836120656980417,30.0,1.77904534
4.875919772583702,30.0,1.77296349
4.915718888186986,30.0,1.76667319
4.955518635502211,30.0,1.76019205
4.995317751105496,30.0,1.75350981
5.035116866708781,30.0,1.74664928
5.074916614024005,30.0,1.73956811
5.11471572962729,30.0,1.73229138
5.154514845230575,30.0,1.72481362
5.194314592545799,30.0,1.71715303
5.234113708149084,30.0,1.70930281
5.273912823752369,30.0,1.70128655
5.313712571067593,30.0,1.6930651
5.353511686670878,30.0,1.68466111
5.393310802274163,30.0,1.67606299
5.433110549589387,30.0,1.66729275
5.472909665192672,30.0,1.65836563
5.512708780795958,30.0,1.64924374
5.552508528111181,30.0,1.63993946
5.592307643714466,30.0,1.6304949
5.632106759317751,30.0,1.62086923
5.6719065066329755,30.0,1.61110417
5.711705622236261,30.0,1.6011497
5.751504737839546,30.0,1.5910449
5.791304485154769,30.0,1.5808005
5.831103600758055,30.0,1.57039744
5.870902716361339,30.0,1.55986494
5.9107024636765635,30.0,1.5491579
5.950501579279849,30.0,1.53833539
5.990300694883134,30.0,1.52740019
6.030100442198358,30.0,1.51630216
6.069899557801643,30.0,1.50509992
6.109699305116867,30.0,1.49377036
6.149498420720152,30.0,1.48231225
6.189297536323437,30.0,1.47078291
6.22909728363866,30.0,1.45910461
6.268896399241946,30.0,1.44735534
6.308695514845231,30.0,1.43548788
6.348496525584333,30.0,1.42355453
6.3882943777637395,30.0,1.41152774
6.428092229943147,30.0,1.39941209
6.467890082122553,30.0,1.38720764
6.507694251421352,30.0,1.37496492
6.547492103600758,30.0,1.36263798
6.587289955780164,30.0,1.3502518
6.62708780795957,30.0,1.33780715
6.666891977258371,30.0,1.3253069
6.706689829437776,30.0,1.31277609
6.746487681617182,30.0,1.30019394
6.786285533796589,30.0,1.28758505
6.826089703095389,30.0,1.27492956
6.865887555274795,30.0,1.26227349
6.905685407454201,30.0,1.24957701
6.9454832596336065,30.0,1.23688403
6.985287428932407,30.0,1.22415606
7.025085281111814,30.0,1.21143802
7.064883133291219,30.0,1.198712
7.104680985470625,30.0,1.18598206
7.1444788376500314,30.0,1.17326919
7.1842830069488315,30.0,1.16055763
7.224080859128238,30.0,1.14787074
7.263878711307644,30.0,1.13521157
7.30367656348705,30.0,1.12256333
7.34348073278585,30.0,1.10994905
7.3832785849652565,30.0,1.09736982
7.423076437144663,30.0,1.08483046
7.462874289324068,30.0,1.07231583
7.502678458622867,30.0,1.05984809
7.542476310802275,30.0,1.04744504
7.5822741629816806,30.0,1.03507729
7.622072015161087,30.0,1.022764
7.661869867340493,30.0,1.01050776
7.701674036639292,30.0,0.998312556
7.741471888818699,30.0,0.986181171
7.7812697409981055,30.0,0.974129528
7.821067593177512,30.0,0.962132186
7.860871762476311,30.0,0.950205751
7.900669614655716,30.0,0.938367604
7.940467466835124,30.0,0.926590714
7.98026531901453,30.0,0.914905665
8.020069488313329,30.0,0.903301537
8.059867340492735,30.0,0.891780269
8.099665192672141,30.0,0.880343385
8.13946304485155,30.0,0.86899253
8.179267214150348,30.0,0.857731347
8.219065066329753,30.0,0.846572438
8.258862918509159,30.0,0.835492605
8.298660770688565,30.0,0.824519176
8.338458622867973,30.0,0.813629066
8.378262792166772,30.0,0.802847724
8.418060644346179,30.0,0.792163421
8.457858496525585,30.0,0.781578329
8.49765634870499,30.0,0.771104648
8.53746051800379,30.0,0.760721816
8.577258370183197,30.0,0.750440875
8.617056222362603,30.0,0.740273687
8.656854074542009,30.0,0.730200524
8.696658243840808,30.0,0.720242031
8.736456096020214,30.0,0.710389337
8.77625394819962,30.0,0.700642495
8.816051800379027,30.0,0.69100223
8.855855969677828,30.0,0.68145946
8.895653821857234,30.0,0.672033875
8.93545167403664,30.0,0.662716015
8.975249526216045,30.0,0.653505702
9.015047378395451,30.0,0.644404069
9.054851547694252,30.0,0.63541066
9.094649399873658,30.0,0.626525585
9.134447252053064,30.0,0.617740792
9.17424510423247,30.0,0.609072561
9.21404927353127,30.0,0.600512513
9.253847125710676,30.0,0.592053397
9.293644977890082,30.0,0.583702294
9.333442830069488,30.0,0.575466296
9.373246999368288,30.0,0.567330797
9.413044851547696,30.0,0.559295753
9.452842703727102,30.0,0.55137436
9.492640555906506,30.0,0.543553601
9.532438408085913,30.0,0.535838746
9.572242577384712,30.0,0.528223902
9.61204042956412,30.0,0.520714737
9.651838281743526,30.0,0.513310906
9.691636133922932,30.0,0.506006193
9.731440303221731,30.0,0.498800202
9.771238155401138,30.0,0.491698436
9.811036007580544,30.0,0.484695099
9.85083385975995,30.0,0.477790171
9.89063802905875,30.0,0.47098866
9.930435881238155,30.0,0.464280257
9.970233733417562,30.0,0.457670259
10.010031585596968,30.0,0.451159075
10.049835754895767,30.0,0.444742375
10.089633607075173,30.0,0.438421446
10.12943145925458,30.0,0.432193584
10.169229311433986,30.0,0.426066213
10.209027163613394,30.0,0.420030296
10.248831332912193,30.0,0.414094622
10.288629185091597,30.0,0.408262672
10.328427037271004,30.0,0.402540531
10.36822488945041,30.0,0.395057902
10.40802905874921,30.0,0.389414972
10.447826910928617,30.0,0.383858945
10.487624763108023,30.0,0.37838584
10.52742261528743,30.0,0.372999596
10.567226784586229,30.0,0.367703273
10.607024636765635,30.0,0.3615468
10.646822488945041,30.0,0.356362466
10.686620341124447,30.0,0.351256708
10.726424510423248,30.0,0.346225213
10.766222362602655,30.0,0.341270494
10.806020214782059,30.0,0.336391348
10.845818066961465,30.0,0.331586894
10.885615919140871,30.0,0.326850116
10.925420088439672,30.0,0.322189201
10.965217940619079,30.0,0.317597126
11.005015792798485,30.0,0.313075875
11.044813644977891,30.0,0.308621732
11.08461781427669,30.0,0.304234074
11.124415666456096,30.0,0.299917024
11.164213518635503,30.0,0.295661399
11.204011370814909,30.0,0.291472409
11.243815540113708,30.0,0.287348893
11.283613392293114,30.0,0.28328666
11.32341124447252,30.0,0.279285613
11.363209096651927,30.0,0.275344865
11.403006948831333,30.0,0.271466542
11.442811118130132,30.0,0.267648115
11.482608970309538,30.0,0.263885749
11.522406822488946,30.0,0.260181535
11.562204674668353,30.0,0.2565345
11.602008843967152,30.0,0.252944408
11.641806696146556,30.0,0.249406421
11.681604548325963,30.0,0.245924314
11.72140240050537,30.0,0.24249522
11.76120656980417,30.0,0.239118334
11.801004421983576,30.0,0.235794656
11.840802274162982,30.0,0.232519712
11.880600126342388,30.0,0.229296859
11.920404295641188,30.0,0.226121211
11.960202147820594,30.0,0.222995492
12.0,30.0,0.21991604
0.1,50.0,6.64431933
0.13979930511686672,50.0,5.12264786
0.17959867340492736,50.0,4.37017051
0.21939797852179407,50.0,3.90917834
0.25919734680985473,50.0,3.59162814
0.2989966519267214,50.0,3.35607413
0.33879595704358817,50.0,3.17226205
0.3785953253316488,50.0,2.63116081
0.4183946304485155,50.0,2.63116081
0.4581939987365761,50.0,2.63116081
0.49799330385344287,50.0,2.63116081
0.5377926721415035,50.0,2.63116081
0.5775919772583702,50.0,2.63112315
0.6173912823752369,50.0,2.55064479
0.6571907770056854,50.0,2.47884631
0.6969898926089704,50.0,2.4143851
0.7367890082122552,50.0,2.35618949
0.7765887555274795,50.0,2.30340138
0.8163878711307644,50.0,2.25530686
0.8561869867340492,50.0,2.21132111
0.8959867340492736,50.0,2.17094778
0.9357858496525585,50.0,2.13376761
0.9755855969677827,50.0,2.09942204
1.0153847125710675,50.0,2.0676012
1.0551838281743526,50.0,2.03804246
1.0949835754895767,50.0,2.01051
1.1347826910928616,50.0,1.98480552
1.1745818066961466,50.0,1.96075064
1.214381554011371,50.0,1.93819047
1.2541806696146558,50.0,1.91698861
1.2939797852179407,50.0,1.89702341
1.333779532533165,50.0,1.87819045
1.3735786481364498,50.0,1.86039549
1.413377763739735,50.0,1.84355288
1.453177511054959,50.0,1.82759105
1.4929766266582438,50.0,1.81244116
1.532775742261529,50.0,1.79804603
1.5725754895767532,50.0,1.78435213
1.6123746051800378,50.0,1.77131314
1.652173720783323,50.0,1.75888459
1.6919734680985472,50.0,1.74702783
1.7317725837018318,50.0,1.73571224
1.771571699305117,50.0,1.72490154
1.8113714466203412,50.0,1.71457119
1.8511705622236259,50.0,1.70469342
1.890969677826911,50.0,1.69524473
1.9307694251421352,50.0,1.68620284
1.9705685407454203,50.0,1.67754808
2.010367656348705,50.0,1.66926152
2.050167403663929,50.0,1.6613263
2.089966519267214,50.0,1.65372665
2.129765634870499,50.0,1.64644518
2.169565382185723,50.0,1.63947099
2.209364497789008,50.0,1.63278798
2.249163613392293,50.0,1.62638542
2.2889633607075175,50.0,1.62024926
2.328762476310802,50.0,1.61436867
2.368561591914087,50.0,1.60873172
2.4083613392293115,50.0,1.60332948
2.448160454832596,50.0,1.59815113
2.4879595704358817,50.0,1.59318498
2.5277593177511055,50.0,1.58842107
2.56755843335439,50.0,1.58385798
2.6073575489576757,50.0,1.57947322
2.6471572962728995,50.0,1.57525735
2.686956411876184,50.0,1.57122933
2.726756159191409,50.0,1.56733908
2.7665552747946935,50.0,1.56360504
2.8063543903979786,50.0,1.5600183
2.846154137713203,50.0,1.55655622
2.8859532533164876,50.0,1.55322333
2.9257523689197726,50.0,1.55001091
2.965552116234997,50.0,1.54689531
3.0053512318382816,50.0,1.54389528
3.0451503474415667,50.0,1.54097275
3.084950094756791,50.0,1.53814634
3.124749210360076,50.0,1.53540621
3.1645483259633607,50.0,1.53272764
3.204348073278585,50.0,1.53011442
3.2441471888818696,50.0,1.52755602
3.283946304485155,50.0,1.5250418
3.323746051800379,50.0,1.5225897
3.3635451674036636,50.0,1.52015932
3.403344283006949,50.0,1.5177537
3.443144030322173,50.0,1.51539118
3.4829431459254576,50.0,1.51303043
3.522742261528743,50.0,1.51067417
3.562542008843967,50.0,1.50834099
3.6023411244472525,50.0,1.50598841
3.642140240050537,50.0,1.50365054
3.681939987365761,50.0,1.50128459
3.7217391029690465,50.0,1.49890939
3.761538218572331,50.0,1.4964969
3.801337965887555,50.0,1.49406811
3.8411370814908405,50.0,1.49161033
3.880936197094125,50.0,1.48911308
3.92073594440935,50.0,1.48656143
3.9605350600126346,50.0,1.48396405
4.00033417561592,50.0,1.48132505
4.040133922931144,50.0,1.47863298
4.079933038534429,50.0,1.47587879
4.119732154137713,50.0,1.47306775
4.1595319014529375,50.0,1.47017289
4.199331017056222,50.0,1.4672207
4.239130132659508,50.0,1.46419708
4.278929879974732,50.0,1.46109832
4.318728995578017,50.0,1.45791473
4.358528742893241,50.0,1.45465154
4.3983278584965255,50.0,1.45130614
4.43812697409981,50.0,1.44786929
4.477926721415035,50.0,1.44435134
4.51772583701832,50.0,1.44072889
4.557524952621605,50.0,1.43701297
4.597324699936829,50.0,1.4332145
4.6371238155401135,50.0,1.42931047
4.676922931143398,50.0,1.42531482
4.716722678458623,50.0,1.42120672
4.756521794061908,50.0,1.41699604
4.796320909665193,50.0,1.41267969
4.836120656980417,50.0,1.40827469
4.875919772583702,50.0,1.40375638
4.915718888186986,50.0,1.39912426
4.955518635502211,50.0,1.39437567
4.995317751105496,50.0,1.38952426
5.035116866708781,50.0,1.38456745
5.074916614024005,50.0,1.37950719
5.11471572962729,50.0,1.37432033
5.154514845230575,50.0,1.36904001
5.194314592545799,50.0,1.36363524
5.234113708149084,50.0,1.35811625
5.273912823752369,50.0,1.35248733
5.313712571067593,50.0,1.34674351
5.353511686670878,50.0,1.34088892
5.393310802274163,50.0,1.33491917
5.433110549589387,50.0,1.32885441
5.472909665192672,50.0,1.3226567
5.512708780795958,50.0,1.31636429
5.552508528111181,50.0,1.30995897
5.592307643714466,50.0,1.30344203
5.632106759317751,50.0,1.29681119
5.6719065066329755,50.0,1.29006997
5.711705622236261,50.0,1.28323413
5.751504737839546,50.0,1.27629091
5.791304485154769,50.0,1.26923717
5.831103600758055,50.0,1.26209411
5.870902716361339,50.0,1.25482877
5.9107024636765635,50.0,1.24747466
5.950501579279849,50.0,1.24003386
5.990300694883134,50.0,1.23247593
6.030100442198358,50.0,1.22483435
6.069899557801643,50.0,1.21710995
6.109699305116867,50.0,1.20927418
6.149498420720152,50.0,1.20135949
6.189297536323437,50.0,1.1933694
6.22909728363866,50.0,1.18528875
6.268896399241946,50.0,1.1771188
6.308695514845231,50.0,1.16886426
6.348496525584333,50.0,1.16054304
6.3882943777637395,50.0,1.1521562
6.428092229943147,50.0,1.14368972
6.467890082122553,50.0,1.13514826
6.507694251421352,50.0,1.1265492
6.547492103600758,50.0,1.11787885
6.587289955780164,50.0,1.10915652
6.62708780795957,50.0,1.10036819
6.666891977258371,50.0,1.09153443
6.706689829437776,50.0,1.0826392
6.746487681617182,50.0,1.07368854
6.786285533796589,50.0,1.06471406
6.826089703095389,50.0,1.05567364
6.865887555274795,50.0,1.04661491
6.905685407454201,50.0,1.03751113
6.9454832596336065,50.0,1.02836646
6.985287428932407,50.0,1.01919844
7.025085281111814,50.0,1.00999357
7.064883133291219,50.0,1.00078539
7.104680985470625,50.0,0.99153437
7.1444788376500314,50.0,0.982284421
7.1842830069488315,50.0,0.972998111
7.224080859128238,50.0,0.963718648
7.263878711307644,50.0,0.954422093
7.30367656348705,50.0,0.945111746
7.34348073278585,50.0,0.935817337
7.3832785849652565,50.0,0.926515532
7.423076437144663,50.0,0.917208003
7.462874289324068,50.0,0.907912206
7.502678458622867,50.0,0.898629776
7.542476310802275,50.0,0.889351279
7.5822741629816806,50.0,0.880092767
7.622072015161087,50.0,0.870843286
7.661869867340493,50.0,0.861618018
7.701674036639292,50.0,0.852420864
7.741471888818699,50.0,0.843240519
7.7812697409981055,50.0,0.834092777
7.821067593177512,50.0,0.824978878
7.860871762476311,50.0,0.81589087
7.900669614655716,50.0,0.806841845
7.940467466835124,50.0,0.797823341
7.98026531901453,50.0,0.788847744
8.020069488313329,50.0,0.779907947
8.059867340492735,50.0,0.771015598
8.099665192672141,50.0,0.762172116
8.13946304485155,50.0,0.753371019
8.179267214150348,50.0,0.744622857
8.219065066329753,50.0,0.73592002
8.258862918509159,50.0,0.727274545
8.298660770688565,50.0,0.718678152
8.338458622867973,50.0,0.710141483
8.378262792166772,50.0,0.701657478
8.418060644346179,50.0,0.693237295
8.457858496525585,50.0,0.684872501
8.49765634870499,50.0,0.676573233
8.53746051800379,50.0,0.668332863
8.577258370183197,50.0,0.660161372
8.617056222362603,50.0,0.652050466
8.656854074542009,50.0,0.644010466
8.696658243840808,50.0,0.63603418
8.736456096020214,50.0,0.628129897
8.77625394819962,50.0,0.620291599
8.816051800379027,50.0,0.612520354
8.855855969677828,50.0,0.604816695
8.895653821857234,50.0,0.597188857
8.93545167403664,50.0,0.589637491
8.975249526216045,50.0,0.582149196
9.015047378395451,50.0,0.574738434
9.054851547694252,50.0,0.567399277
9.094649399873658,50.0,0.560138675
9.134447252053064,50.0,0.55294427
9.17424510423247,50.0,0.545829537
9.21404927353127,50.0,0.538788042
9.253847125710676,50.0,0.531820798
9.293644977890082,50.0,0.524927721
9.333442830069488,50.0,0.518115163
9.373246999368288,50.0,0.511371846
9.413044851547696,50.0,0.504704059
9.452842703727102,50.0,0.498116955
9.492640555906506,50.0,0.491600075
9.532438408085913,50.0,0.485159284
9.572242577384712,50.0,0.478794501
9.61204042956412,50.0,0.472505877
9.651838281743526,50.0,0.466293157
9.691636133922932,50.0,0.460152242
9.731440303221731,50.0,0.454087567
9.771238155401138,50.0,0.448099457
9.811036007580544,50.0,0.442183432
9.85083385975995,50.0,0.436343953
9.89063802905875,50.0,0.430576656
9.930435881238155,50.0,0.424882118
9.970233733417562,50.0,0.41926056
10.010031585596968,50.0,0.413716308
10.049835754895767,50.0,0.40824134
10.089633607075173,50.0,0.402840571
10.12943145925458,50.0,0.397510526
10.169229311433986,50.0,0.392256041
10.209027163613394,50.0,0.3870705
10.248831332912193,50.0,0.381959092
10.288629185091597,50.0,0.376920502
10.328427037271004,50.0,0.371957485
10.36822488945041,50.0,0.36706706
10.40802905874921,50.0,0.3622524
10.447826910928617,50.0,0.357514297
10.487624763108023,50.0,0.352863543
10.52742261528743,50.0,0.348308991
10.567226784586229,50.0,0.339222255
10.607024636765635,50.0,0.334694828
10.646822488945041,50.0,0.330240842
10.686620341124447,50.0,0.323064134
10.726424510423248,50.0,0.318672677
10.766222362602655,50.0,0.314341764
10.806020214782059,50.0,0.310070872
10.845818066961465,50.0,0.305859395
10.885615919140871,50.0,0.301706509
10.925420088439672,50.0,0.297609339
10.965217940619079,50.0,0.293572342
11.005015792798485,50.0,0.28958897
11.044813644977891,50.0,0.285662635
11.08461781427669,50.0,0.281791839
11.124415666456096,50.0,0.277975827
11.164213518635503,50.0,0.274212443
11.204011370814909,50.0,0.270502522
11.243815540113708,50.0,0.266846064
11.283613392293114,50.0,0.263239554
11.32341124447252,50.0,0.259685172
11.363209096651927,50.0,0.256181492
11.403006948831333,50.0,0.252729162
11.442811118130132,50.0,0.249322923
11.482608970309538,50.0,0.24596737
11.522406822488946,50.0,0.242659197
11.562204674668353,50.0,0.239399025
11.602008843967152,50.0,0.236184944
11.641806696146556,50.0,0.233015814
11.681604548325963,50.0,0.229893296
11.72140240050537,50.0,0.226816154
11.76120656980417,50.0,0.223781494
11.801004421983576,50.0,0.220790989
11.840802274162982,50.0,0.217844476
11.880600126342388,50.0,0.214940228
11.920404295641188,50.0,0.212076728
11.960202147820594,50.0,0.209254313
12.0,50.0,0.206473865
