R_fm,W_total,W_bulk,W_surface,W_coulomb
0.02,0.5007725638961574,-0.0018822643780779128,0.5026548245743669,3.699868444322012e-09
0.044008016032064126,2.4136827607205222,-0.02005330718263909,2.433735877069389,1.908337722009594e-07
0.06801603206412826,5.739398842349063,-0.07403285741731236,5.813430017159302,1.6826070728088123e-06
0.0920240480961924,10.458389079634717,-0.18335579184280992,10.641737244844103,7.626633424108952e-06
0.11603206412825652,16.55112487520269,-0.3675569838008235,16.91865756012379,2.42988797237134e-05
0.14004008016032063,23.998081865475246,-0.6461712985976702,24.64419096299836,6.22010745586984e-05
0.16404809619238478,32.77974101962809,-1.0387335858298785,33.818337453467834,0.00013715199013959262
0.1880561122244489,42.87658973468464,-1.564778667868009,44.44109703153218,0.00027137102047150694
0.21206412825651302,54.26912292595991,-2.2438413237245483,56.51246969719143,0.0004945524930308168
0.23607214428857715,66.93784411207075,-3.095456267543466,70.03245545044555,0.0008449291686583244
0.2600801603206413,80.86326649373692,-4.139158120962362,85.00105429129458,0.0013703234047000702
0.28408817635270545,96.02591402560438,-5.394481378613712,101.41826621973851,0.002129184479572307
0.3080961923847696,112.40632248033141,-6.8809603660487575,119.28409123577732,0.003191610602837784
0.3321042084168337,129.98504050418802,-8.61812918938644,138.598529339411,0.0046403541634896985
0.35611222444889784,148.74263066342883,-10.625521676011115,159.36158053063957,0.006571808800374067
0.38012024048096194,168.65967048071144,-12.922671305664048,181.573244809463,0.009096976912460461
0.4041282565130261,189.71675346084584,-15.52911113129843,205.23352217588138,0.012342416262909653
0.42813627254509024,211.89449010517086,-18.464373689093286,230.34241262989465,0.01645116436949136
0.45214428857715433,235.17350891386988,-21.74799089704766,256.89991617150275,0.021583639414780684
0.4761523046092185,259.53445737555325,-25.399493941605115,284.90603280070576,0.02791851645260043
0.5001603206412826,284.9580029434467,-29.438413151789245,314.36076251750364,0.03565357773227805
0.5241683366733467,311.42483399754605,-33.88427786035975,345.26410532189647,0.045006536009327795
0.5481763527054109,338.91566079211213,-38.75661625153213,377.6160612138842,0.05621582976004828
0.572184368737475,367.4112163878987,-44.07495519483617,411.41663019346674,0.06954138926809982
0.5961923847695392,396.8922575685248,-49.85882006472279,446.6658122606443,0.08526537260330279
0.6202004008016032,427.33956574042134,-56.12773454556167,483.3636074154165,0.10369287056652159
0.6442084168336674,458.7339478158002,-62.901220421712914,521.5100156577837,0.12515257972945354
0.6682164328657315,491.0562370781157,-70.19879735238442,561.1050369877458,0.1499974427542997
0.6922244488977957,524.2872940295096,-78.03998263102898,602.148671405303,0.17860525523550816
0.7162324649298598,558.4080072197468,-86.44429092907214,644.640918910455,0.2113792383639322
0.7402404809619239,593.3992940561785,-95.43123402379565,688.5817795032016,0.24874857677268844
0.764248496993988,629.2421015942792,-105.02032051024766,733.9712531835432,0.29116892098362684
0.7882565130260522,665.9174073083436,-115.23105549706966,780.80933995148,0.33912285393335106
0.8122645290581163,703.4062198419343,-126.08294028619534,829.0960398070114,0.3931203211183514
0.8362725450901805,741.6895797377084,-137.59547203638897,878.8313527501379,0.45369902395952
0.8602805611222445,780.7485601462556,-149.7881434106505,930.0152787808589,0.5214247760471917
0.8842885771543086,820.5642675136291,-162.6804422075345,982.6478178991749,0.5968918219887351
0.9082965931863728,861.1178422472465,-176.29185097648104,1036.728970105086,0.6807231186414733
0.9323046092184369,902.3904593598761,-190.64184661729007,1092.258735398592,0.7735705785741439
0.9563126252505011,944.3633290914639,-205.74989996388885,1149.237113779693,0.8761152756599091
0.9803206412825651,987.0176975085477,-221.6354753526043,1207.6641052483883,0.9890676127637902
1.0043286573146293,1030.3348470810454,-238.3180301751798,1267.539709804679,1.1131674515461796
1.0283366733466934,1074.2960972362137,-255.81701441681287,1328.8639274485645,1.2491842044621377
1.0523446893787576,1118.8828048896296,-274.15187017950893,1391.6367581800448,1.3979168890936127
1.0763527054108217,1164.076364953024,-293.3420311911041,1455.8582019991202,1.5601941450078143
1.1003607214428859,1209.8582108188973,-313.4069223002829,1521.5282589057904,1.7368742133895771
1.12436873747495,1256.209814821769,-334.36595895803725,1588.6469289000554,1.92884487975075
1.1483767535070142,1303.112688676001,-356.238546685986,1657.2142119819152,2.137023380071599
1.1723847695390783,1350.5483838901353,-379.04408053201604,1727.2301081513704,2.3623562707810066
1.1963927855711423,1398.4984921577025,-402.8019445137487,1798.6946174084192,2.6058192630321315
1.2204008016032064,1446.9446457245604,-427.53151105028024,1871.607739753064,2.8684170217766987
1.2444088176352706,1495.8685177327125,-453.25214038278136,1945.9694751853033,3.151182930190454
1.2684168336673347,1545.2518225406716,-479.9831799845128,2021.779823705138,3.4551788200465983
1.2924248496993989,1595.076316020363,-507.7439639608817,2099.038785312567,3.7814946686776474
1.316432865731463,1645.3237958306947,-536.5538124401032,2177.746360007591,4.131248263206794
1.3404408817635272,1695.9761016679747,-566.4320309550028,2257.9025477902105,4.505584832767074
1.3644488977955913,1747.0151154931586,-597.3979098167362,2339.507348660424,4.9056766494703945
1.3884569138276555,1798.4227617361023,-629.4707234810517,2422.560762618233,5.332722598920843
1.4124649298597196,1850.1810074769126,-662.6697299078271,2507.062789663637,5.787947721102678
1.4364729458917835,1902.2718626047815,-697.0141699143508,2593.013429796635,6.272602722497146
1.4604809619238477,1954.6773799543553,-732.5232665231943,2680.412683017228,6.787963460321515
1.4844889779559118,2007.3796554198068,-769.2162243054204,2769.260549325417,7.335330399810395
1.508496993987976,2060.360828046788,-807.1122287198979,2859.5570287212004,7.916028045485143
1.5325050100200401,2113.6030801027136,-846.2304454492352,2951.3021212045783,8.531404347370202
1.5565130260521043,2167.0886371255933,-886.5900197331058,3044.4958267755514,9.182830083147367
1.5805210420841684,2220.799767951518,-928.2100756998625,3139.1381454341195,9.871698217261141
1.6045290581162326,2274.718784721048,-971.1097156972382,3235.2290771802823,10.599423238004166
1.6285370741482967,2328.8280428651424,-1015.3080196225068,3332.76862201404,11.36744047360937
1.6525450901803609,2383.109941070787,-1060.8240442530137,3431.7567799353924,12.17720538840818
1.676553106212425,2437.546921226457,-1107.6768225780113,3532.19355094434,13.03019286012849
1.700561122244489,2492.121468347722,-1155.8853631325692,3634.0789350408813,13.927896439409778
1.7245691382765531,2546.8161104838937,-1205.4686493337172,3737.412932225019,14.871827592591636
1.7485771543086173,2601.6134186056897,-1256.4456388199435,3842.1955424967514,15.863514928881983
1.7725851703406814,2656.4960064740403,-1308.8352627950428,3948.4267658560784,16.904503413004537
1.7965931863727456,2711.446530490684,-1362.6564253767226,4056.1066023030003,17.99635356440618
1.8206012024048097,2766.447689531363,-1417.92800295025,4165.235051837517,19.1406406440958
1.8446092184368739,2821.482224761284,-1474.6688435285816,4275.812114459629,20.338953830236516
1.868617234468938,2876.532919433329,-1532.8977661195888,4387.837790169336,21.59289538358188
1.8926252505010022,2931.582598670074,-1592.6335601003564,4501.312078966637,22.90407980379309
1.9166332665330663,2986.61412922972,-1653.8949845995464,4616.234980851534,24.274132977733082
1.9406412825651302,3041.610419255721,-1716.7007678891366,4732.606495824024,25.70469132083351
1.9646492985971944,3096.5544180112306,-1781.0696067854306,4850.42662388411,27.197400912551025
1.9886573146292585,3151.429115599189,-1847.0201660595365,4969.695365031791,28.753916626934945
2.0126653306613225,3206.217542667569,-1914.5710778588896,5090.412719267066,30.375901259392705
2.036673346693387,3260.9027701002497,-1983.7409411403478,5212.578686589938,32.065024650659524
2.060681362725451,3315.4679086951664,-2054.5483211141363,5336.193267000404,33.822962808898275
2.084689378757515,3369.8961088290207,-2127.0117487004336,5461.256460498465,35.65139703098975
2.108697394789579,3424.170560108615,-2201.149719999501,5587.7682670841195,37.552013023996665
2.1327054108216434,3478.2744910110264,-2276.9806957739806,5715.72868675737,39.52650002763697
2.1567134268537074,3532.191168511781,-2354.523100945201,5845.137719518215,41.57654993876727
2.1807214428857717,3585.903897700937,-2433.7953241045525,5975.995365366655,43.70385643883394
2.2047294589178357,3639.3960213890014,-2514.8157170387344,6108.30162430269,45.910114125046405
2.2287374749499,3692.6509197027262,-2597.602594269777,6242.056496326321,48.197017646181756
2.252745490981964,3745.652009670006,-2682.1742326114872,6377.259981437544,50.56626084394892
2.2767535070140283,3798.3827447960175,-2768.548870740931,6513.912079636366,53.019535900582675
2.3007615230460923,3850.8266146307324,-2856.744708785526,6652.012790922779,55.55853249347998
2.3247695390781566,3902.967144326412,-2946.779907928158,6791.562115296791,58.18493695777961
2.3487775551102206,3954.7878941878357,-3038.6725900280026,6932.560052758393,60.900431457445606
2.3727855711422845,4006.2724592154023,-3132.4408372577723,7075.006603307591,63.70669316558379
2.396793587174349,4057.4044686393536,-3228.1026917598797,7218.901766944387,66.60539345484608
2.420801603206413,4108.167585448071,-3325.676155319074,7364.245543668774,69.5981970983704
2.444809619238477,4158.5455059103015,-3425.1791890523746,7511.03793348076,72.68676148191574
2.468817635270541,4208.521959090054,-3526.629713118267,7659.278936380338,75.87273582798335
2.4928256513026055,4258.080706357127,-3630.045606442627,7808.9685523675125,79.1577604322419
2.5168336673346694,4307.205540892828,-3735.4447064623178,7960.1067814422795,82.54346591286578
2.5408416833667338,4355.880287188834,-3842.8448088893433,8112.693623604645,86.03147247353138
2.5648496993987977,4404.088800543597,-3952.2636674912137,8266.729078854602,89.62338918020924
2.5888577154308616,4451.81496655468,-4063.7189938898478,8422.213147192155,93.3208132523735
2.612865731462926,4499.042700605483,-4177.22845738108,8579.145828617302,97.12532936926196
2.63687374749499,4545.755947351111,-4292.809684770098,8737.527123130047,101.03850899116267
2.6608817635270543,4591.938680200358,-4410.48026022645,8897.357030730385,105.06190969642314
2.6848897795591182,4637.574900793764,-4530.257725159154,9058.635551418316,109.19707453460127
2.7088977955911826,4682.648638482773,-4652.159578106715,9221.362685193846,113.4455313956427
2.7329058116232465,4727.143949805043,-4776.203274647766,9385.538432056966,117.80879239584316
2.756913827655311,4771.044917957475,-4902.40622733099,9551.162792007686,122.28835328077881
2.780921843687375,4814.335652271053,-5030.785805620018,9718.235765045996,126.88569284507514
2.804929859719439,4857.000287682028,-5161.359335859671,9886.757351171906,131.60227236979355
2.828937875751503,4899.022984203366,-5294.144101259348,10056.727550385407,136.43953507730623
2.852945891783567,4940.38792639802,-5429.157341892138,10228.146362686502,141.3989056036553
2.8769539078156314,4981.079322848632,-5566.416254715701,10401.013788075194,146.48178948913926
2.9009619238476954,5021.081405630369,-5705.937993607734,10575.329826551482,151.68957268662018
2.9249699398797597,5060.37842978557,-5847.739669417622,10751.094478115365,157.02362108782717
2.9489779559118237,5098.954672795664,-5991.838350039363,10928.30774276684,162.48528006818745
2.972985971943888,5136.794434058254,-6138.251060497103,11106.969620505912,168.07587404944556
2.996993987975952,5173.882034364266,-6286.994783048993,11287.080111332578,173.7967060806803
3.0210020040080163,5210.201815374817,-6438.086457309846,11468.639215246842,179.6490574378215
3.0450100200400803,5245.7381391045,-6591.542980385101,11651.646932248696,185.63418724090604
3.0690180360721446,5280.475387403253,-6747.3812070248705,11836.103262338147,191.7533320899769
3.0930260521042086,5314.397961440683,-6905.617949793622,12022.008205515194,198.00770571910988
3.1170340681362725,5347.490281197231,-7066.269979250766,12209.361761779832,204.39849866816425
3.141042084168337,5379.736784953427,-7229.354024151773,12398.16393113207,210.9268779731293
3.165050100200401,5411.121928785954,-7394.886771659883,12588.4147135719,217.59398687393806
3.189058116232465,5441.63018606664,-7562.8848675728295,12780.114109099324,224.40094454014505
3.213066132264529,5471.246046961471,-7733.364916567586,12973.262117714345,231.3488458147121
3.2370741482965935,5499.9540179388205,-7906.34348245279,13167.858739416959,238.43876097465187
3.2610821643286574,5527.738621277954,-8081.8370884387405,13363.903974207167,245.6717355095271
3.2850901803607218,5554.584394580653,-8259.8622174215,13561.397822084977,253.04878991717607
3.3090981963927857,5580.475890291442,-8440.435312274854,13760.340283050375,260.57091951592156
3.33310621242485,5605.397675217536,-8623.57277616014,13960.73135710337,268.23909427430465
3.357114228456914,5629.33433005708,-8809.290972843746,14162.571044243958,276.0542586568677
3.381122244488978,5652.270448932139,-8997.606227026336,14365.859344472141,284.0173314863328
3.4051302605210423,5674.190638921653,-9188.534824688755,14570.596257787925,292.12920582248245
3.429138276553106,5695.0795196061845,-9382.093013441243,14776.781784191297,300.3907488561311
3.4531462925851706,5714.921722613094,-9578.297002888447,14984.415923682269,308.80280181927213
3.4771543086172345,5733.701891166566,-9777.162965004962,15193.49867626083,317.3661799106981
3.501162324649299,5751.404679647407,-9978.70703451564,15404.03004192699,326.08167223605784
3.525170340681363,5768.01475315145,-10182.945309292978,15616.010020680744,334.9500417636844
3.549178356713427,5783.516787059751,-10389.8938507566,15829.438612522094,343.9720252942574
3.573186372745491,5797.895466613637,-10599.568684282134,16044.315817451035,353.14833344473556
3.5971943887775555,5811.135486490092,-10811.985799624485,16260.641635467577,362.479650647
3.6212024048096194,5823.221550390044,-11027.161151340792,16478.416066571706,371.9666351591293
3.6452104208416833,5834.138370627928,-11245.110659226191,16697.639110763434,381.609919090686
3.6692184368737477,5843.870667725851,-11465.850208758133,16918.310768042757,391.41010844122667
3.6932264529058116,5852.403170020159,-11689.39565154012,17140.431038409675,401.3677831506052
3.717234468937876,5859.7206132645115,-11915.762805762608,17363.999921864193,411.48349716292637
3.74124248496994,5865.80774024583,-12144.967456662216,17589.017418406296,421.75777850175007
3.7652505010020043,5870.649300407801,-12377.025356985187,17815.483528036002,432.191129356986
3.7892585170340682,5874.230049472223,-12611.952227465294,18043.3982507533,442.7840261842167
3.8132665330661326,5876.5347490762815,-12849.763757295725,18272.761586558194,453.53691981381223
3.8372745490981965,5877.5481664094,-13090.475604613039,18503.57353545068,464.45023557176
3.8612825651302605,5877.255073855717,-13334.1033969861,18735.83409743076,475.5243734110551
3.885290581162325,5875.6402486496545,-13580.662731900953,18969.54327249844,486.75970805216883
3.9092985971943888,5872.688472528273,-13830.169177260203,19204.701060653708,498.15658913476784
3.933306613226453,5868.384531394594,-14082.638271880032,19441.30746189658,509.7153413780461
3.957314629258517,5862.713214990456,-14338.08552598653,19679.362476227037,521.4362647499486
3.9813226452905814,5855.659316567207,-14596.526421724415,19918.866103645094,533.3196346465274
4.005330661322645,5847.207632572524,-14857.97641365636,20159.818344150746,545.3657020781382
4.029338677354709,5837.342962336422,-15122.450929272576,20402.21919774399,557.5746938650074
4.053346693386773,5826.050107762746,-15389.965369502765,20646.06866442483,569.9468128406797
4.077354709418837,5813.313873034153,-15660.535109221033,20891.366744193267,582.4822380619199
4.101362725450902,5799.119064314131,-15934.17549776252,21138.113437049302,595.1811250273499
4.125370741482966,5783.450489459376,-16210.901859435664,21386.30874299293,608.0436059021102
4.14937875751503,5766.292957740052,-16490.729494033098,21635.952662024145,621.0697897490048
4.173386773547094,5747.631279559916,-16773.67367735009,21887.045194142964,634.2597627670409
4.197394789579158,5727.450266191056,-17059.749661692906,22139.586339349367,647.6135885345942
4.2214028056112225,5705.734729510507,-17348.972676391906,22393.57609764338,661.1313082590322
4.245410821643286,5682.469481737398,-17641.357928319976,22649.01446902498,674.8129410323949
4.26941883767535,5657.639335187183,-17936.92060239756,22905.90145349417,688.6584840905724
4.293426853707414,5631.229102021893,-18235.675862107946,23164.237051050957,702.667913078882
4.317434869739479,5603.223594008288,-18537.638850008967,23424.021261695354,716.8411823219012
4.341442885771543,5573.607622287984,-18842.824688235836,23685.254085427332,731.1782250964883
4.365450901803607,5542.365997140894,-19151.248479016773,23947.935522246906,745.6789539107609
4.389458917835671,5509.4835277659495,-19462.92530517346,24212.065572154075,760.3432607853341
4.413466933867735,5474.9450220666595,-19777.87023062014,24477.644235148833,775.1710175379678
4.4374749498998,5438.735286432109,-20096.098300872272,24744.6715112312,790.1620760731805
4.4614829659318636,5400.839125535716,-20417.624543538146,25013.147400401154,805.3162686727078
4.4854909819639275,5361.2413421334295,-20742.46396881506,25283.071902658703,820.633408289787
4.509498997995991,5319.92673686255,-21070.631569988065,25554.445018003844,836.1132888467705
4.533507014028056,5276.880108057772,-21402.142323911725,25827.266746436588,851.755685532909
4.55751503006012,5232.086251561348,-21737.011191501573,26101.537087956924,867.5603551059976
4.581523046092184,5185.529960539105,-22075.25311822144,26377.25604256485,883.5270361956934
4.605531062124248,5137.196025312698,-22416.883034554525,26654.423610260375,899.6554496068477
4.629539078156313,5087.069233183743,-22761.91585648602,26933.039791043495,915.9452986262667
4.653547094188377,5035.13436827047,-23110.36648597329,27213.10458491421,932.3962693295485
4.677555110220441,4981.376211351206,-23462.249811409507,27494.617991872514,949.0080308881985
4.701563126252505,4925.779539702094,-23817.580708096062,27777.580011918417,965.780235879739
4.7255711422845685,4868.329126950161,-24176.37403869793,28061.99064505191,982.7125205961815
4.749579158316633,4809.009742929906,-24538.64465369657,28347.84989127301,999.804505353466
4.773587174348697,4747.806153534374,-24904.407391849818,28635.157750581697,1017.0557948024951
4.797595190380761,4684.703120582513,-25273.677080633766,28923.914222977983,1034.4659782382969
4.821603206412825,4619.685401687357,-25646.46853668405,29214.119308461854,1052.0346299095531
4.84561122244489,4552.737750123103,-26022.796566239766,29505.77300703334,1069.7613093295304
4.869619238476954,4483.84491470858,-26402.675965567392,29798.8753186924,1087.645561583572
4.893627254509018,4412.991639686081,-26786.12152139098,30093.42624343906,1105.6869176380042
4.917635270541082,4340.162664601506,-27173.14801132048,30389.425781273316,1123.8848946486712
4.941643286573146,4265.342724200408,-27563.770204261134,30686.873932195165,1142.2389962663776
4.9656513026052105,4188.51654831806,-27958.00286082975,30985.77069620462,1160.7487129431895
4.989659318637274,4109.668861772867,-28355.860733766356,31286.116073301662,1179.4135222375608
5.013667334669338,4028.784384274143,-28757.358568328415,31587.910063486295,1198.2328891162624
5.037675350701402,3945.8478303204975,-29162.511102695098,31891.152666758524,1217.2062662570718
5.061683366733467,3860.84390910777,-29571.33306835978,32195.843883118356,1236.3330943491956
5.085691382765531,3773.7573244496602,-29983.839190506667,32501.983712565776,1255.6128023905517
5.109699398797595,3684.5727746879247,-30400.044188398297,32809.57215510079,1275.044807985433
5.133707414829659,3593.274952610659,-30819.962775752258,33118.6092107234,1294.6285176395168
5.157715430861723,3499.8485453829226,-31243.60966110215,33429.0948794336,1314.363327051472
5.181723446893788,3404.278234466936,-31670.999548169257,33741.02916123142,1334.248621404775
5.2057314629258515,3306.548695551457,-32102.147136221636,34054.41205611681,1354.283775656284
5.2297394789579155,3206.6445984919574,-32537.067120419153,34369.2435640898,1374.4681548213136
5.253747494989979,3104.550607240168,-32975.77419216889,34685.52368515038,1394.8011142586752
5.277755511022044,3000.2513797813062,-33418.28303946963,35003.25241929857,1415.2819999523617
5.301763527054108,2893.7315680856773,-33864.6083472377,35322.42976653434,1435.9101487890368
5.325771543086172,2784.9758180492026,-34314.76479764397,35643.05572685771,1456.6848888354614
5.349779559118236,2673.968769440904,-34768.76707044029,35965.13030026868,1477.6055396125194
5.373787575150301,2560.695055862037,-35226.629843269926,36288.653486767245,1498.6714123647175
5.397795591182365,2445.139304695386,-35688.36779198744,36613.62528635339,1519.8818103294366
5.421803607214429,2327.2861370599476,-36153.99559096978,36940.04569902714,1541.2360290025879
5.445811623246493,2207.1201677794925,-36623.52791340886,37267.91472478848,1562.7333563998725
5.4698196392785565,2084.6260053399837,-37096.979431614214,37597.23236363742,1584.373073316778
5.493827655310621,1959.7882518516037,-37574.36481730859,37927.99861557397,1606.1544535862251
5.517835671342685,1832.591503022368,-38055.698741906024,38260.2134805981,1628.0767643302954
5.541843687374749,1703.0203481261576,-38540.99587679504,38593.876958709814,1650.139266211381
5.565851703406813,1571.0593699717126,-39030.270893617795,38928.989049909134,1672.3412136803734
5.589859719438878,1436.6931448857777,-39523.538464529716,39265.54975419605,1694.6818552194436
5.613867735470942,1299.9062426894661,-40020.813262464246,39603.55907157056,1717.1604335831498
5.637875751503006,1160.6832266703977,-40522.10996139997,39943.01700203266,1739.776186037704
5.66188376753507,1019.0086535731753,-41027.443236603125,40283.92354558236,1762.5283445939422
5.685891783567134,874.8670735831677,-41536.82776487529,40626.27870221965,1785.4161362388097
5.7098997995991985,728.2430303051322,-42050.278224804024,40970.08247194455,1808.4387831646043
5.733907815631262,579.1210607577318,-42567.8092969922,41315.33485475703,1831.5955029929041
5.757915831663326,427.4856953652327,-43089.435664287375,41662.03585065711,1854.8855089955016
5.78192384769539,273.3214579407154,-43615.17201201802,42010.185459644774,1878.3080103139596
5.805931863727455,116.61286568375908,-44145.03302821024,42359.78368172005,1901.8622121739445
5.829939879759519,-42.65557081673069,-44679.033403795576,42710.83051688291,1925.5473160959355
5.853947895791583,-204.49934759139205,-45217.187832828975,43063.325965133365,1949.3625201042182
5.877955911823647,-368.9339672930473,-45759.51101269682,43417.270026471415,1973.307018932359
5.901963927855712,-535.9749391874209,-46306.01764430768,43772.662700897075,1997.3800042231817
5.925971943887776,-705.6377791549087,-46856.72243229286,44129.50398841031,2021.580664727641
5.9499799599198395,-877.9380096911816,-47411.6400852031,44487.79388901115,2045.9081865007713
5.9739879759519035,-1052.8911598947475,-47970.785315686204,44847.53240269958,2070.361753091876
5.997995991983967,-1230.512765458101,-48534.172840666244,45208.7195294756,2094.940545732541
6.022004008016032,-1410.8183686684865,-49101.8173815309,45571.355269339234,2119.643743523178
6.046012024048096,-1593.8235183950105,-49673.7336642993,45935.439622290454,2144.4705236138384
6.07002004008016,-1779.5437700709895,-50249.93641978181,46300.972588329256,2169.4200613815615
6.094028056112224,-1967.9946856869283,-50830.44038374927,46667.95416745567,2194.491530606676
6.118036072144289,-2159.191833778012,-51415.26029709248,47036.384359669675,2219.684103644791
6.142044088176353,-2353.1507894018587,-52004.41090596736,47406.26316497127,2244.9969515942275
6.166052104208417,-2549.8871341227587,-52597.90696194431,47777.59058336046,2270.429244461089
6.190060120240481,-2749.416456003541,-53195.76322216428,48150.366614837236,2295.980151323501
6.2140681362725445,-2951.754349578266,-53797.99444946839,48524.59125940161,2321.64884048851
6.238076152304609,-3156.9164158303333,-54404.615412531915,48900.264517053605,2347.434479647977
6.262084168336673,-3364.9182621793857,-55015.640886004476,49277.38638779318,2373.33623603191
6.286092184368737,-3575.7755024586877,-55631.085650637324,49655.956871620336,2399.3532765583004
6.310100200400801,-3789.5037568863518,-56250.964493399246,50035.975968535095,2425.4847679777995
6.334108216432866,-4006.118652046908,-56875.29220760245,50417.443678537464,2451.729877018076
6.35811623246493,-4225.635820869927,-57504.08359302205,50800.36000162741,2478.087770524716
6.382124248496994,-4448.070902598571,-58137.35345600097,51184.72493780495,2504.5576155974486
6.406132264529058,-4673.439542760303,-58775.116609553865,51570.53848707009,2531.138579723475
6.430140280561122,-4901.757393146312,-59417.38787347939,51957.800649422825,2557.8298309102543
6.4541482965931865,-5133.040111784286,-60064.18207446116,52346.51142486316,2584.6305378137176
6.47815631262525,-5367.30336290364,-60715.51404615703,52736.67081339109,2611.539869862307
6.502164328657314,-5604.562816906449,-61371.39862929249,53128.278815006604,2638.556997379436
6.526172344689378,-5844.834150345443,-62031.85067176024,53521.33542970971,2665.6810917050893
6.550180360721443,-6088.133045888766,-62696.885028700046,53915.84065750044,2692.9113253108394
6.574188376753507,-6334.475192283797,-63366.516562576064,54311.794498378746,2720.2468719135213
6.598196392785571,-6583.876284330324,-64040.76014326199,54709.19695234463,2747.686906587037
6.622204408817635,-6836.352022855232,-64719.630648125254,55108.04801939812,2775.2306058719028
6.6462124248497,-7091.918114670178,-65403.14296208883,55508.34769953922,2802.877147879434
6.670220440881764,-7350.590272537005,-66091.31197769959,55910.0959927679,2830.6257123946834
6.6942284569138275,-7612.384215138406,-66784.15259520037,56313.29289908418,2858.4754809777833
6.718236472945891,-7877.31566704582,-67481.67972259621,56717.938418488055,2886.4256370623325
6.742244488977955,-8145.400358677,-68183.90827570535,57124.03255097952,2914.4753660488323
6.76625250501002,-8416.65402626062,-68890.85317821716,57531.57529655859,2942.6238553979506
6.790260521042084,-8691.092411809263,-69602.5293617564,57940.566655225244,2970.8702947218944
6.814268537074148,-8968.731263079468,-70318.95176593061,58351.00662697949,2999.213875871656
6.838276553106212,-9249.586333530036,-71040.13533837277,58762.89521182134,3027.6537930213913
6.862284569138277,-9533.67338228773,-71766.09503479,59176.232409750795,3056.1892427514817
6.886292585170341,-9821.008174116309,-72496.84581901474,59591.01822076783,3084.8194241305982
6.910300601202405,-10111.606479375523,-73232.40266304079,60007.25264487246,3113.5435387928064
6.934308617234469,-10405.484073980795,-73972.7805470585,60424.935682064686,3142.360791013019
6.9583166332665325,-10702.65673936711,-74717.99445949255,60844.0673323445,3171.270387780936
6.982324649298597,-11003.140262455096,-75468.05939704043,61264.64759571194,3200.271538873394
7.006332665330661,-11306.95043560896,-76222.9903646991,61686.676472166946,3229.3634569231954
7.030340681362725,-11614.103056592838,-76982.80237578688,62110.15396170955,3258.545357484495
7.054348697394789,-11924.613928535773,-77747.51045197483,62535.08006433975,3287.8164590993024
7.078356713426854,-12238.498859898415,-78517.12962331656,62961.45478005755,3317.175983360595
7.102364729458918,-12555.77366442865,-79291.67492826446,63389.27810886295,3346.62315497286
7.126372745490982,-12876.454161118967,-80071.16141368427,63818.550050755926,3376.157201809375
7.150380761523046,-13200.556174169491,-80855.60413487589,64249.2706057365,3405.777354969898
7.1743887775551105,-13528.095532954962,-81645.01815559626,64681.4397738047,3435.4828488366043
7.198396793587174,-13859.08807197967,-82439.41854806595,65115.05755496047,3465.272921125811
7.222404809619238,-14193.549630835452,-83238.82039297791,65550.12394920383,3495.1468129386312
7.246412825651302,-14531.496054162524,-84043.238779507,65986.63895653478,3525.1037688096935
7.270420841683366,-14872.943191619252,-84852.68880532947,66424.60257695334,3555.143036756873
7.294428857715431,-15217.906897836772,-85667.18557662117,66864.0148104595,3585.2638683248956
7.318436873747495,-15566.403032373377,-86486.74420805527,67304.87565705326,3615.4655186286386
7.342444889779559,-15918.44745967612,-87311.37982280618,67747.18511673457,3645.747246395485
7.366452905811623,-16274.056049048066,-88141.10755255821,68190.94318950351,3676.1083140066385
7.390460921843688,-16633.244674604706,-88975.94253749997,68636.14987536006,3706.547987535204
7.414468937875752,-16996.029215231247,-89815.89992631813,69082.80517430417,3737.0655367827144
7.4384769539078155,-17362.425554541525,-90660.99487619156,69530.9090863359,3767.660235314131
7.462484969939879,-17732.449580842305,-91511.24255279017,69980.46161145522,3798.3313604926398
7.486492985971943,-18106.11718709863,-92366.6581302733,70431.46274966211,3829.078193512558
7.510501002004008,-18483.44427088322,-93227.25679126811,70883.91250095663,3859.900019428257
7.534509018036072,-18864.446734340734,-94093.05372686393,71337.81086533872,3890.796127184481
7.558517034068136,-19249.140484147138,-94964.06413659884,71793.15784280842,3921.7658096432856
7.5825250501002,-19637.54143147797,-95840.30322845605,72249.9534333657,3952.8083636123697
7.606533066132265,-20029.665491963446,-96721.78621884297,72708.19763701061,3983.9230898689148
7.630541082164329,-20425.52858564765,-97608.52833257332,73167.8904537431,4015.1092931825724
7.654549098196393,-20825.146636948397,-98500.5448028496,73629.03188356315,4046.3662823380596
7.6785571142284565,-21228.53557462472,-99397.85087125273,74091.62192647082,4077.693370157188
7.7025651302605205,-21635.711331733997,-100300.46178771833,74555.66058246608,4109.089873518258
7.726573146292585,-22046.689845591878,-101208.39281051465,75021.14785154894,4140.555113373826
7.750581162324649,-22461.487057730465,-102121.65920621736,75488.08373371941,4172.088414767483
7.774589178356713,-22880.118913863356,-103040.27624969187,75956.46822897745,4203.689106851069
7.798597194388777,-23302.601363852627,-103964.25922407537,76426.3013373231,4235.356522899653
7.822605210420842,-23728.950361664418,-104893.62342074556,76897.58305875634,4267.090000324799
7.846613226452906,-24159.181865327406,-105828.3841392912,77370.31339327717,4298.888880686621
7.87062124248497,-24593.311836898843,-106768.55668748963,77844.4923408856,4330.752509705192
7.894629258517034,-25031.35624242835,-107714.15638128217,78320.11990158162,4362.680237272198
7.9186372745490985,-25473.33105192188,-108665.19854474711,78797.19607536524,4394.671417459992
7.942645290581162,-25919.25223929999,-109621.69851006607,79275.72086223646,4426.725408529623
7.966653306613226,-26369.1357823577,-110583.67161749037,79755.69426219526,4458.841572937411
7.99066132264529,-26822.99766273276,-111551.13321531637,80237.11627524166,4491.019277341951
8.014669338677354,-27280.853865872115,-112524.09865985843,80719.98690137565,4523.257892610657
8.038677354709419,-27742.72038099207,-113502.58331541276,81204.30614059725,4555.556793823438
8.062685370741482,-28208.613201038195,-114486.60255422044,81690.07399290643,4587.915360275819
8.086693386773547,-28678.54832264874,-115476.17175643338,82177.29045830322,4620.3329754814185
8.110701402805612,-29152.54174611842,-116471.30631008082,82665.95553678763,4652.8090271747715
8.134709418837675,-29630.609475371697,-117472.02161104354,83156.06922835956,4685.34290731229
8.15871743486974,-30112.76751791803,-118478.33306300953,83647.63153301914,4717.934012072359
8.182725450901804,-30599.03188481781,-119490.2560774384,84140.64245076632,4750.5817418542765
8.206733466933867,-31089.41859064522,-120507.80607352288,84635.10198160105,4783.285501276608
8.230741482965932,-31583.943653454473,-121530.99847815341,85131.01012552342,4816.044699175523
8.254749498997995,-32082.623094751416,-122559.8487258877,85628.36688253334,4848.858748602939
8.27875751503006,-32585.472939453975,-123594.37225890669,86127.1722526309,4881.727066821812
8.302765531062125,-33092.50921585436,-124634.58452697218,86627.42623581606,4914.649075301751
8.326773547094188,-33603.747955585575,-125680.50098738818,87129.12883208877,4947.624199713835
8.350781563126253,-34119.20519359055,-126732.13710496535,87632.28004144909,4980.651869925718
8.374789579158316,-34638.89696809162,-127789.5083519843,88136.87986389699,5013.731519995694
8.39879759519038,-35162.8393205539,-128852.63020815185,88642.92829943253,5046.862588165418
8.422805611222445,-35691.04829565074,-129921.51816055826,89150.42534805565,5080.044516851871
8.446813627254508,-36223.53994122965,-130996.18770363553,89659.37100976633,5113.276752639557
8.470821643286573,-36760.33030827998,-132076.65433911612,90169.76528456467,5146.558746271475
8.494829659318636,-37301.43545090596,-133162.9335759981,90681.60817245052,5179.889952641603
8.518837675350701,-37846.8714262905,-134255.04093049825,91194.89967342404,5213.269830783711
8.542845691382766,-38396.65429466044,-135352.9919260068,91709.63978748514,5246.697843861219
8.566853707414829,-38950.80011925461,-136456.8020930445,92225.82851463379,5280.173459156113
8.590861723446894,-39509.32496629434,-137566.48696922234,92743.46585487008,5313.696148057923
8.614869739478959,-40072.244904953826,-138682.0620992006,93262.55180819397,5347.265386052795
8.638877755511022,-40639.576007329706,-139803.54303464617,93783.08637460542,5380.880652711037
8.662885771543086,-41211.33434840759,-140930.94533418596,94305.06955410448,5414.541431673891
8.68689378757515,-41787.53600602793,-142064.28456335928,94828.5013466911,5448.247210640249
8.710901803607214,-42368.19706085975,-143203.57629457847,95353.38175236539,5481.99748135333
8.73490981963928,-42953.333596369266,-144348.83610708403,95879.71077112724,5515.791739587523
8.758917835671342,-43542.96169879648,-145500.07958690697,96407.48840297667,5549.629485133827
8.782925851703407,-44137.09745711756,-146657.32232681641,96936.71464791372,5583.510221785137
8.80693386773547,-44735.75696301841,-147820.57992627774,97467.38950593832,5617.433457321017
8.830941883767535,-45338.95631086055,-148989.86799140254,97999.51297705054,5651.398703491449
8.8549498997996,-45946.71159765936,-150165.20213491237,98533.08506125039,5685.4054760026165
8.878957915831663,-46559.03892305464,-151346.59797609286,99068.10575853777,5719.45329450045
8.902965931863728,-47175.95438928438,-152534.07114075194,99604.5750689128,5753.541682554758
8.926973947895792,-47797.474101149484,-153727.6372611663,100142.49299237541,5787.670167641404
8.950981963927855,-48423.614165986524,-154927.31197603777,100681.85952892559,5821.838281125661
8.97498997995992,-49054.39069364274,-156133.11093045125,101222.6746785634,5856.045558245112
8.998997995991983,-49689.819796446805,-157345.04977582773,101764.93844128877,5890.291538092156
9.023006012024048,-50329.91758918572,-158563.14416988447,102308.65081710176,5924.575763596983
9.047014028056113,-50974.7001890777,-159787.40977658916,102853.81180600234,5958.897781509124
9.071022044088176,-51624.183715739884,-161017.86226610886,103400.4214079905,5993.257142378465
9.09503006012024,-52278.38429116309,-162254.51731476677,103948.47962306628,6027.653400537399
9.119038076152304,-52937.31803968531,-163497.39060499676,104497.98645122962,6062.086114081828
9.143046092184369,-53601.00108796952,-164746.4978253026,105048.94189248062,6096.554844852452
9.167054108216433,-54269.44956497995,-166001.85467021578,105601.34594681917,6131.059158416652
9.191062124248496,-54942.67960194901,-167263.47684024248,106155.1986142453,6165.598624048182
9.215070140280561,-55620.7073323585,-168531.3800418251,106710.49989475905,6200.172814707539
9.239078156312626,-56303.54889190695,-169805.5799872898,107267.24978836041,6234.78130702244
9.26308617234469,-56991.22041848804,-171086.0923948057,107825.44829504931,6269.4236812683375
9.287094188376754,-57683.73805217096,-172372.93298834504,108385.09541482586,6304.0995213482265
9.311102204408817,-58381.11793517173,-173666.11749763496,108946.19114768995,6338.808414773276
9.335110220440882,-59083.3762118341,-174965.66165811825,109508.7354936417,6373.54995264245
9.359118236472947,-59790.529028597215,-176271.58121089925,110072.72845268101,6408.323729621032
9.38312625250501,-60502.592533978546,-177583.89190270778,110638.17002480789,6443.129343921346
9.407134268537074,-61219.58287854343,-178902.60948584662,111205.0602100224,6477.966397280789
9.431142284569138,-61941.5162148883,-180227.74971815554,111773.39900832449,6512.834494942748
9.455150300601202,-62668.408697618244,-181559.32836296773,112343.18641971417,6547.7332456353215
9.479158316633267,-63400.27648332256,-182897.36118906434,112914.4224441915,6582.662261550278
9.50316633266533,-64137.135730548354,-184241.8639706265,113487.10708175633,6617.621158321812
9.527174348697395,-64879.00259978225,-185592.85248719697,114061.24033240885,6652.609555005867
9.551182364729458,-65625.89325342301,-186950.34252362995,114636.82219614889,6687.627074058045
9.575190380761523,-66377.82385576522,-188314.3498700555,115213.85267297657,6722.673341313705
9.599198396793588,-67134.8105729769,-189684.89032183512,115792.33176289183,6757.747985966382
9.62320641282565,-67896.86957308052,-191061.97967952146,116372.25946589468,6792.850640546269
9.647214428857716,-68664.01702592532,-192445.63374880984,116953.63578198514,6827.98094089938
9.67122244488978,-69436.2691031708,-193835.86834049912,117536.4607111632,6863.138526165115
9.695230460921843,-70213.64197826044,-195232.69927044425,118120.7342534288,6898.323038755009
9.719238476953908,-70996.1518264057,-196636.1423595197,118706.45640878206,6933.534124331934
9.743246492985971,-71783.8148245644,-198046.21343357518,119293.62717722288,6968.771431787906
9.767254509018036,-72576.64715142491,-199462.9283233999,119882.24655875131,7004.03461322366
9.7912625250501,-73374.66498738228,-200886.302864676,120472.31455336735,7039.323323926365
9.815270541082164,-74177.88451451593,-202316.35289793482,121063.83116107092,7074.637222347973
9.839278557114229,-74986.32191657333,-203753.09426851882,121656.79638186216,7109.9759700833165
9.863286573146292,-75799.99337894707,-205196.5428265372,122251.21021574095,7145.339231849171
9.887294589178357,-76618.91508865952,-206646.7144268293,122847.07266270736,7180.726675462434
9.911302605210421,-77443.10323434333,-208103.62492892318,123444.38372276138,7216.13797181846
9.935310621242484,-78272.57400622712,-209567.29019700084,124043.14339590291,7251.5727948708145
9.95931863727455,-79107.34359610986,-211037.72609984974,124643.35168213212,7287.030821607759
9.983326653306614,-79947.42819734201,-212514.94851082293,125245.00858144893,7322.511732031982
10.007334669338677,-80792.84400481042,-213998.97330780217,125848.11409385329,7358.015209138451
10.031342685370742,-81643.60721491712,-215489.8163731554,126452.66821934526,7393.540938893013
10.055350701402805,-82499.734025565,-216987.49359370067,127058.6709579248,7429.088610210859
10.07935871743487,-83361.24063613801,-218492.02086066615,127666.12230959197,7464.657914936163
10.103366733466935,-84228.14324748951,-220003.41406965622,128275.02227434675,7500.248547819962
10.127374749498998,-85100.45806191747,-221521.68912060486,128885.37085218907,7535.860206498326
10.151382765531062,-85978.20128314996,-223046.86191774122,129497.16804311905,7571.492591472218
10.175390781563125,-86861.38911632805,-224578.94836954935,130110.41384713653,7607.145406084778
10.19939879759519,-87750.03776798621,-226117.96438872893,130725.10826424169,7642.818356501019
10.223406813627255,-88644.1634460409,-227663.92589216217,131341.25129443442,7678.511151686853
10.247414829659318,-89543.78235977092,-229216.84880087248,131958.84293771474,7714.223503386816
10.271422845691383,-90448.91071980543,-230776.74903999356,132577.88319408268,7749.9551261054585
10.295430861723446,-91359.56473810694,-232343.64253872933,133198.37206353815,7785.705737084244
10.31943887775551,-92275.76062794894,-233917.5452303112,133820.3095460813,7821.475056280958
10.343446893787576,-93197.51460390621,-235498.47305196742,134443.695641712,7857.262806349216
10.367454909819639,-94124.84288183655,-237086.4419448844,135068.53035043026,7893.068712617593
10.391462925851704,-95057.76167886458,-238681.46785416905,135694.81367223617,7928.892503068296
10.415470941883768,-95996.28721336964,-240283.56672881692,136322.54560712966,7964.7339083176175
10.439478957915831,-96940.4357049732,-241892.7545216788,136951.72615511072,8000.592661594887
10.463486973947896,-97890.22337452092,-243509.04718942245,137582.35531617943,8036.468498722098
10.48749498997996,-98845.66644406556,-245132.46069249444,138214.43309033566,8072.361158093226
10.511503006012024,-99806.7811368558,-246763.0109950893,138847.95947757954,8108.270380653963
10.535511022044089,-100773.58367731945,-248400.7140651117,139482.93447791104,8144.195909881221
10.559519038076152,-101746.09029105151,-250045.58587414512,140119.35809133007,8180.137491763546
10.583527054108217,-102724.31720479525,-251697.64239741155,140757.23031783674,8216.094874779554
10.60753507014028,-103708.28064643669,-253356.8996137478,141396.55115743095,8252.06780988017
10.631543086172345,-104697.99684498466,-255023.3735055649,142037.32061011277,8288.056050467469
10.65555110220441,-105693.48203056118,-256697.08005881857,142679.53867588227,8324.05935237511
10.679559118236472,-106694.7524343848,-258378.03526297203,143323.20535473924,8360.077473847983
10.703567134268537,-107701.82428875506,-260066.25511096226,143968.3206466839,8396.110175523307
10.727575150300602,-108714.71382704374,-261761.75559917017,144614.88455171612,8432.157220410292
10.751583166332665,-109733.43728368002,-263464.55272738717,145262.89706983595,8468.21837387121
10.77559118236473,-110758.01089413643,-265174.66249878163,145912.35820104333,8504.293403601869
10.799599198396793,-111788.45089491883,-266892.10091987,146563.26794533833,8540.382079612857
10.823607214428858,-112824.77352355461,-268616.88400048524,147215.62630272095,8576.48417420968
10.847615230460923,-113866.99501858068,-270349.02775374625,147869.43327319116,8612.599461974416
10.871623246492986,-114915.13161952492,-272088.5481960197,148524.68885674892,8648.727719745875
10.89563126252505,-115969.19956689907,-273835.46134689444,149181.39305339433,8684.868726601037
10.919639278557113,-117029.21510218726,-275589.7832291508,149839.54586312728,8721.022263836277
10.943647294589178,-118095.19446782643,-277351.5298687232,150499.14728594787,8757.188114948895
10.967655310621243,-119167.15390720415,-279120.7172946785,151160.19732185607,8793.366065618276
10.991663326653306,-120245.10966464442,-280897.36153918365,151822.69597085178,8829.555903687444
11.015671342685371,-121329.07798539624,-282681.4786374767,152486.64323293517,8865.757419145273
11.039679358717434,-122419.0751156214,-284473.08462783543,153152.0391081061,8901.970404107922
11.063687374749499,-123515.11730238247,-286272.1955515473,153818.88359636467,8938.194652800148
11.087695390781564,-124617.22079363397,-288078.8274528829,154487.17669771082,8974.4299615381
11.111703406813627,-125725.4018382065,-289892.9963790614,155156.91841214453,9010.676128710402
11.135711422845691,-126839.67668580062,-291714.7183802275,155828.10873966588,9046.932954761016
11.159719438877756,-127960.06158697233,-293544.0095094186,156500.74768027483,9083.200242171473
11.18372745490982,-129086.5727931287,-295380.88582254294,157174.8352339713,9119.477795442952
11.207735470941884,-130219.22655651062,-297225.3633783452,157850.37140075548,9155.76542107911
11.231743486973947,-131358.03913019228,-299077.4582383885,158527.35618062716,9192.062927569094
11.255751503006012,-132503.02676806026,-300937.1864670165,159205.7895735865,9228.370125369778
11.279759519038077,-133654.20572480766,-302804.56413132907,159885.6715796334,9264.686826887993
11.30376753507014,-134811.59225592494,-304679.60730115714,160567.00219876788,9301.01284646433
11.327775551102205,-135975.20261768572,-306562.3320490315,161249.78143099,9337.348000355789
11.351783567134268,-137145.05306713874,-308452.7544501575,161934.00927629965,9373.692106719118
11.375791583166333,-138321.15986210405,-310350.89058239467,162619.68573469695,9410.044985593671
11.399799599198397,-139503.5392611525,-312256.7565262197,163306.81080618183,9446.406458885374
11.42380761523046,-140692.2075236115,-314170.3683647158,163995.38449075428,9482.776350350001
11.447815631262525,-141887.18090953957,-316091.74218353094,164685.40678841437,9519.15448557699
11.47182364729459,-143088.47567973274,-318020.89407086786,165376.87769916205,9555.540691973061
11.495831663326653,-144296.10809569966,-319957.84011744236,166069.79722299727,9591.934798745428
11.519839679358718,-145510.09441966406,-321902.5964164707,166764.16535992015,9628.336636886499
11.543847695390781,-146730.4509145487,-323855.1790636367,167459.9821099305,9664.74603915748
11.567855711422846,-147957.19384397083,-325815.60415707185,168157.24747302858,9701.16284007245
11.59186372745491,-149190.33947223192,-327783.8877973297,168855.9614492143,9737.58687588348
11.615871743486974,-150429.90406430865,-329760.0460873593,169556.12403848747,9774.017984563194
11.639879759519038,-151675.90388584742,-331744.0951324878,170257.73524084833,9810.456005792075
11.663887775551101,-152928.35520315365,-333736.051040391,170960.79505629672,9846.90078094059
11.687895791583166,-154187.274283185,-335735.9299210726,171665.30348483275,9883.35215305488
11.711903807615231,-155452.67739354228,-337743.7478868412,172371.26052645638,9919.809966842528
11.735911823647294,-156724.58080245572,-339759.5210522781,173078.66618116756,9956.27406865482
11.759919839679359,-158003.00077878745,-341783.2655342283,173787.52044896636,9992.744306474493
11.783927855711424,-159287.95359201502,-343814.9974517672,174497.82332985278,10029.220529899396
11.807935871743487,-160579.45551222702,-345854.73292618204,175209.57482382673,10065.702590128301
11.831943887775552,-161877.5228101129,-347902.4880809472,175922.77493088835,10102.190339945962
11.855951903807615,-163182.1717569615,-349958.279041708,176637.4236510375,10138.68363370899
11.87995991983968,-164493.418624647,-352022.12193625286,177353.52098427428,10175.182327331604
11.903967935871744,-165811.27968562808,-354094.0328944976,178071.0669305987,10211.68627827086
11.927975951903807,-167135.77121293385,-356174.02804845705,178790.06149001062,10248.1953455126
11.951983967935872,-168466.9094801604,-358262.123532228,179510.5046625102,10284.709389557382
11.975991983967935,-169804.71076146033,-360358.3354819642,180232.3964480973,10321.228272406588
12.0,-171149.1913315388,-362462.68003585935,180955.73684677208,10357.751857548465
