M_max_Msun,R_1.4_km,sigma_crit_star
2.001732131727568,10.804123550048779,62.98179752290907
2.0211605044657226,10.959942450978378,67.79436571342369
2.021838206992342,10.827831616685435,67.8064626045262
2.0716135849500197,11.14431118407058,70.22073332410103
2.1476496476002516,11.359233293174759,74.17371214858461
2.018212246599112,11.044866280168726,74.786369607189
2.157242528629993,11.455598372291368,74.79535828024535
2.2850181813803516,11.91425206882916,81.40121748827706
2.1386743378461266,11.221606623821273,81.44968400534206
2.206209440430333,11.509625957489396,81.72656578865876
2.188027303550709,11.23824518301122,82.09260846837097
2.2552830904133496,11.51725713870385,82.17842948716715
2.1561964585837683,11.07661750857934,82.38535846523962
2.104935359812902,11.064638076467382,83.46270135350699
2.3127682271709946,11.9407009920185,84.30024902563017
2.2215628351078065,11.819695203123207,84.8101998824067
2.244481911819185,11.890344621076965,84.8101998824067
2.065344626028409,10.626369635386137,85.32673203411086
2.232602565453217,11.89076656823935,86.61269470728882
2.3038686464948004,12.084704425345912,86.61269470728882
2.1917604871773104,11.162566248650801,88.1691643272716
2.1037376644427686,11.022756522176934,88.26790072188687
2.0197631069959847,10.860689265358044,90.46398263468204
2.025795961445802,10.907263898778174,91.8324973693806
2.043995927049331,10.925523479440145,92.6931979807275
2.06924444947727,10.561140996035101,93.4444102691876
2.0326398694381913,10.961142600112048,94.00027350022765
2.4592144526571835,12.399947777184487,95.34400672148632
2.1347469784236477,11.101287972571928,95.76974266380911
2.2635666234671223,11.372960888892633,96.65101703204876
2.6096998253903223,12.738199905781482,97.50511368216945
2.0996226327923297,11.12040442460297,97.75546908828667
2.4196707255297327,12.212799758939225,97.8600175681453
2.0692488545574697,11.140603831198387,98.1275394325937
2.1983532763035605,11.057071251077351,99.74282055327528
2.5269439227901924,12.409567510398785,99.99228769921231
2.040118865779967,11.08161901769768,100.09438126664298
2.010504009688057,10.563312010638398,100.23359890450322
2.0320261650080034,10.793117328401133,100.27468906187278
2.4882756455615413,12.239271265405563,101.98371555748497
2.036186451320437,11.100746020942196,102.00075246831832
2.419295879118176,12.163785003957837,102.59804892461469
2.026035709142551,11.098167518081388,103.84893810566984
2.1385863124614404,11.436750181944582,103.84893810566984
2.1921092715598376,11.436327840439668,105.03955843755193
2.200681887421726,11.306207101920693,105.62797064470408
2.0193436516638856,11.111172645412378,105.64082057874951
2.010419496890716,10.490476081028518,106.71322510929599
2.3777444355001895,11.716631516652747,107.06933805428625
2.533210114926608,12.32675504703311,107.388219019791
2.459105591554602,12.266970595487564,109.30002979541777
2.9538286528484488,13.78078444123961,111.76718422851842
2.204583498260126,10.950382252477086,112.18763265107994
2.1867009553204158,11.343792696707586,112.3643306159953
2.272792832589316,11.221692687959846,112.66335087488142
2.0880946550040504,10.939123659408464,112.71987094024132
2.1344626007626584,10.991298414062593,112.72726156610905
2.329051336387962,11.905483121129283,114.01601086976038
2.172406035258763,10.791749593965557,114.04057333388025
2.623735544352645,12.565548042533326,114.71339569922158
2.3831039574265866,11.634935270276756,115.07998374060125
2.9059356631004123,13.555953422683958,115.69358768373667
2.3065792569330714,11.642725041471724,117.19574269460962
2.542419499499468,12.48973405092953,117.97066805477165
2.1741483914780035,10.758827455393664,118.4231766028961
2.5428222410217187,12.213041532645198,118.92373624017738
2.073439924446781,11.079134447330974,120.95129574111965
2.9635703742053887,13.680808728340415,122.07680059114814
2.058658744076858,11.071554125076922,122.78349799570879
2.1363544238507024,10.872684732925805,123.0275162298101
2.7677572491817863,12.95290373175761,123.62781806744
2.202765556116348,11.151983131163833,123.78699725525978
2.0798149169167393,10.316400780675608,124.1909227816751
2.1045652410604605,10.726568616475022,124.40399641759353
2.01263106809535,10.966916851216387,124.56466174141357
2.1499874419220792,11.29432219923294,124.7479789047027
2.400146983805555,12.075367656039319,125.192988386161
2.1134656789055666,11.121202061804183,125.2434785597308
2.2093602731374493,10.83818955339235,125.32632599602302
2.187173290421834,11.464941771812565,125.5609683442955
2.3083410054857536,11.559050892746022,126.31302815135818
2.287110452309423,11.63241580800941,126.80287044212497
2.105167826607729,10.69055608227247,128.12488429778105
2.67626884777479,12.870393621209034,128.24929747049356
2.1095323069156744,11.072411409316604,128.3352365037508
3.0795694662381856,13.955534880838247,128.63866704808174
2.4619629772559737,12.12551814877045,130.0431316979321
2.2154803556788307,11.342844937301917,130.26126879651198
2.6370500633963374,12.383471679465677,130.79294668260334
2.5512649411112687,12.061689069937964,131.39426120643444
2.774630380706657,12.85180849284327,131.71295900085022
2.0134398290329747,10.248346157924797,132.55239795872313
2.080745183798597,10.24133304286025,133.5310028388923
2.138388242868379,11.147668076765978,133.73923766002008
2.9771569731370735,13.503852018896145,133.76182786138696
2.511083326259297,11.895746665635187,133.81315150245706
2.138567383730754,10.76267010806276,134.21225262045363
2.28155321713911,11.023943792413045,134.54635044735818
2.1809114486355097,11.17979650337879,135.63571674861583
3.2641874178509265,14.384659935659894,136.4982188691976
2.5126986029566414,11.84684845249219,138.21354680979536
2.0093725045112807,10.59271559733562,138.2700915124792
2.212147558615774,10.708305962501024,139.0623502326911
2.5479719170785913,12.310375007585133,140.44834959245588
2.0141495947866632,10.176739789066218,140.70382429113053
2.4658544362335655,11.989422363338644,140.72028860896845
2.5617524507804377,12.54932342180555,141.1588405823636
2.2013607995136066,11.34295770811129,141.16581167535261
2.6801274459880706,12.797533558534978,141.83654391774434
2.2064648152549315,10.954616867208655,142.50845586813793
2.4265934189952896,11.80951629728562,142.6781112823554
2.180104243726691,11.132567423153855,142.96445851559034
2.5564304906254156,11.91710384110989,144.60812897755414
3.2722033484284605,14.2973970473986,144.72221929176087
3.095993350461509,13.69949408209233,144.96439807076564
2.3945250724875806,11.336724457757304,145.73674813854342
2.1398976780066588,10.65074451909517,146.17711399413727
2.986679929251965,13.347818995494855,146.41119594611743
2.4278063472786666,11.771277955223617,146.490279084819
2.5187668241441794,12.347908185823101,146.68777112008596
2.0802477475338876,10.665411806229246,147.59022357362988
2.213522896753493,11.222863086565035,148.89781094326273
2.9346160514029487,13.12304748692527,149.29848151726043
2.1303223717286364,11.0180407907302,150.05228340117264
2.304224736871962,11.682442840398826,150.30860939560873
2.0048023306485447,10.5097499774296,151.28289769395923
2.468846222799533,11.859013535194377,152.1881483232789
2.3144918675793225,11.266330499561803,152.71375043680072
2.6447950346833977,12.134886223002281,152.86681665680496
2.2821555825437043,10.843453311467517,153.2441669724924
2.211508306553542,10.585022663442004,153.32637778306244
2.935559965149015,13.06422607065242,153.76270524718055
2.5184119506912723,12.291773281653985,153.90599775756684
2.079524354318618,10.586570580424997,154.51992133366494
2.8793023108883347,13.281226113711016,154.64951167371737
2.3944070138945963,11.236445487507575,155.11652783524775
2.1763996910114742,10.429873582278386,155.72347998459838
2.284047717410183,11.422181473091635,155.83875532975784
2.830249181511074,13.079283414595944,157.0847471893046
3.5414517345517122,14.820651479904512,158.25192151232432
2.556918174681903,11.768397291044792,158.46354125192636
2.1393203325138956,10.524164952626945,158.8346178203068
2.207162787112075,10.7856618341861,159.0096184313062
2.212453256908145,11.089938648120453,159.03862613543964
2.5537543680886396,12.070354267463383,159.6666992231317
2.98977465484223,13.151220240132973,159.82660464406794
2.1752467701793514,10.386668780059017,160.63143569102002
2.1067882580627906,10.380994435110901,160.855566178962
2.8315814888621156,13.030008599396323,161.00368490247192
2.314494393325683,11.177615088900797,161.02988752680457
3.4734991872973042,14.600365875463131,161.5340919457193
2.784506302431949,12.464135497698798,162.74187100942157
2.561471300438603,12.38638408945026,162.74475924986788
2.3006225463891394,11.586120776451468,162.97749990556886
2.4703234522061144,11.710435303728625,164.43528395873037
2.396822035006319,11.755035737921867,164.44888766596105
2.1060191466518896,10.338446121538949,165.27218714820563
3.4724964723845275,14.466943136341797,166.07980712123367
2.8831694339066583,13.10441609914165,166.43993793429127
2.193324763803672,11.17121654098346,166.6607166429267
3.099351706163049,13.3739937117062,167.39866012645152
2.0742276781509443,9.951189574857064,167.8020267608584
2.2068417141799537,10.444063318010643,168.0628163880914
2.6877751358426734,12.43647214289486,168.70726015315518
2.125218870104365,10.887603900954403,169.73917752142484
2.210971816898234,10.964797853257846,170.02149336260712
2.2823144656152397,11.239835633637862,170.05266476546953
2.649919834452483,12.611824032460673,170.19512774070824
2.0914647666451884,10.735797756596098,170.98640255263436
2.0096671847031327,9.910287630358097,171.40150966344012
2.3962706056815426,11.671695035500157,171.64941465074637
2.6407137936890437,11.888348458833457,171.78929067826465
2.1760534603983395,10.801676685641716,171.8644184189026
3.5391584990439693,14.55225500977276,171.91310700268315
2.1371092376008174,10.399399213269714,172.11056580774155
2.058696849192092,10.575291812918739,172.24793688003263
2.781234821547733,12.360333264943382,172.2562680296574
2.552126343722586,11.598701782002177,172.88668364471198
2.9897575467045394,13.345091908263452,173.3198727516087
2.9852457773509884,12.960656759935787,173.9036737804729
2.5608499225284254,12.235222646311904,174.412880535989
2.0573745477216856,10.535433558643497,175.5361803191358
2.1753555248026406,10.762748014672113,175.76499114067275
2.508589695482602,11.427071786621882,175.83758544137555
3.2737593433083623,13.772256459098102,176.29203671159613
2.553029010020554,11.870090318336942,176.5646858997202
2.6870962741028674,12.31045505587251,177.23063579653467
2.4686004113865696,11.570842616761938,177.38139862821134
2.2731205008918978,10.60275117916988,177.85573401182242
2.792333435476726,12.999350773687956,177.89449662481448
2.068894646747177,9.8668308282047,177.9947962917487
3.676734562620379,14.8710372270974,178.9686699187718
2.8829854624243123,12.92201751956296,179.00836123443483
2.4266742895074653,11.387552400772504,179.96379437466715
2.0062210174015545,9.822718282875718,180.71286205735947
2.505487514921941,11.367083130482424,180.80696812572575
2.087061299200721,10.604316027220271,180.9035896390759
2.2021754660202957,10.569887802985942,181.23052983087123
3.1587837603754503,13.731110872895767,181.47655663130175
2.0742504595045546,10.30711769548216,181.48637585201138
2.2081752608441083,10.836721764073017,181.7652600869999
2.45140340436853,12.00948335094748,182.4197173629615
2.198636922185268,10.301154457585447,183.22677534479683
2.425116434707848,11.335805364540253,184.47756802088446
2.648805126568272,12.40130417612972,184.94660436651486
2.7914351857958426,12.868842432707167,185.35998019605236
2.559276482420473,12.082308959742079,185.79533963926886
2.131804304563128,10.266642524038557,185.94160217842065
3.264416620539351,13.6024331203679,185.97678931218556
3.525063680098344,14.297948677153874,186.24943288096307
2.41003958948986,11.824536112979068,186.4092229992385
3.086568159587159,13.095314504595983,186.6450190537755
3.8955636830521465,15.235372318825501,187.10149397802476
2.542691047646079,11.432289477702538,187.8186650950571
2.515721828429527,11.905319120580353,188.1587742715504
2.36978285034388,11.655377145118093,188.21013356035255
2.150957400011113,10.78999724773491,188.25829410651875
2.9739440153761185,12.72571134656702,188.56945008780085
2.377764947731068,10.867448612793849,189.7058733412627
2.2778175083669727,11.016964396022683,189.7626399612492
2.0709646450256556,10.224023904966202,189.8746213840153
3.1550298988733427,13.60255632560784,190.21590245311856
2.9841756934721433,13.065387766633828,190.64998050583273
2.4625733058920094,11.395943052455548,190.9557878092673
2.082984287398904,10.48318074808955,191.62432449320139
2.3682242210863245,11.607152792475508,191.65612777090854
2.916940323098746,12.543280428497111,191.9893500334478
2.514289527538587,11.847696594022842,192.1905800259815
2.877005364283557,12.729900463559915,192.2778247189876
2.3050476111208673,10.84140942349453,192.35277867186846
2.2039536720479376,10.694710773034336,194.19696200567543
2.823957499789018,12.529164109093852,195.33242013754065
2.2237384349690936,10.297071797048275,196.00598541937697
2.621649815266124,11.589757335383029,196.76145221305168
2.4058645664802834,11.687738080595887,196.79570092237606
3.8757212864760593,15.058390976220695,196.96664715910686
2.910942406226442,12.470752363726348,197.04509010634374
2.2526017669960967,11.094368370478982,197.38563733599847
2.5550959176050787,11.911732202540666,197.93108414086882
2.99675356092362,13.359276191624616,198.47598908134614
3.6460639696963795,14.511623633331892,198.5727525186698
2.5413114179060954,11.583340600840982,199.3015881818452
2.3879772542599036,11.32828446874074,199.53121770868253
2.820370417830005,12.45354641522196,199.95526253484078
2.3685723068495137,10.75980780010143,200.03243783851545
2.191324218773375,10.373601280659205,200.10143212960256
2.1229706573932936,10.123416927346803,200.27387774673502
3.500782048102628,14.058138041664893,201.18716600221165
2.940728917448004,13.13703960558544,201.27889773971205
2.2984684925345893,10.745353700911588,201.86029107856425
2.0885740983949823,9.981164813855571,202.72019856810394
2.0776925582601775,10.356122967977331,203.07870601856015
2.1440703442218143,10.620863834864027,203.18652868010585
2.527244613885302,11.248533720886808,203.21106015298676
2.4846107853074004,11.897559268650003,203.5626202248054
2.9546611224262014,12.545718645131425,203.7646193783092
3.391136485521696,14.068001457633045,204.26472026098727
2.04427448066093,10.205502324977095,204.9430860695536
2.2489906745836787,10.997914683852361,204.95341382266312
3.4256206187662874,13.828029669120383,205.00970684510392
2.452497716172057,11.241994503771384,205.09964716126373
2.054293406200964,9.841905218577326,205.13603512665037
2.640343413980459,12.130023650883283,205.3084658620411
2.9378247283805075,13.0667703003425,205.4374842314624
2.8647933265338588,12.528473028771616,206.18067890233036
2.269036045167481,10.82546697278828,206.8770089779029
2.1968812024915065,10.561252078879445,207.2528115957772
2.7476730472238917,11.881518476942432,207.40660219341527
3.321668757771509,13.860085273152036,207.72282191388973
2.4000409066041817,11.525705623264745,207.9730250505694
2.382903509360857,11.214386209297233,208.1779085076237
2.0422197979080448,10.168590526583365,208.96767019385035
2.6662651864545404,11.883004353880315,209.30261997697028
2.1604331624447117,10.40228384757073,209.61271832172832
3.415115055004341,13.731104777135796,210.15913407657928
2.5469895235090227,11.752125995009417,210.7539007088912
2.9883583695413027,13.147521359612856,210.99302156863544
4.165783393344011,15.534895506065487,211.31694945141618
2.611293914642956,12.229922579327658,211.79060185090307
3.04961709617019,12.706134846973583,212.06876000042826
3.314454522002928,13.753953223062016,212.45571589176808
2.9610915171058845,12.723046064500945,213.93821050147022
2.157346856106404,10.356016257259979,214.1395711893303
2.7766752731355657,12.451992586412995,214.14817407031435
2.070482267855723,10.223312086981485,215.2023953898688
4.065448009492989,15.19841430126958,215.4855998341899
2.5543393258394,11.232605978416482,215.70219903669542
3.4651354296403967,13.805365211458074,216.66742585941498
3.09405184395342,13.370517270328365,217.88923933771346
2.7315533143858794,11.750120536370353,217.91798923174716
3.3677400068534586,13.84671601453599,218.49650222546208
2.5229211145630432,11.340633835820471,218.60881166927447
2.6555568053733776,11.76814016188775,219.0337840656856
2.4751744360798247,11.664896007037958,219.08683053956773
2.9285090544871752,12.303554288325131,219.44025097612177
2.605605560778005,12.126262078009296,219.65025210138427
2.4381659186693545,11.057498955888944,219.75818531195168
2.3924607716844104,11.37714733992312,219.87673768037897
2.8468814759594956,12.32099882190448,220.65974180827513
4.046795870486125,15.16946105896117,220.73018338144743
2.1865480416886296,10.40759916156239,220.8755186540624
2.795178229978096,12.719362382871054,221.22900375759195
3.201803260713001,13.03332470061527,221.77807025917235
2.3512966725394175,11.196180285695434,222.27758133604547
2.394282406596879,10.89895999608891,222.76341366834546
2.625419521337686,11.876145783812277,222.94366594925282
2.767402914685232,12.341040237686526,223.05333860517598
3.114308265029687,13.061178766701433,223.06138653600252
2.131675969664491,10.389611514633346,223.552857601081
2.9734664251652227,12.955413911602218,224.19431173155817
2.5350531625668,11.574834467167443,224.20112815600743
3.5801564508865464,13.966482740532976,224.47393254023442
2.351889275559538,10.737620360127169,225.74896895982738
3.4854746776707177,14.037235602934768,225.79328943944685
3.264374151069915,13.7528724345014,225.98809260273288
2.3478926092386216,11.149588363195953,226.45171688545818
2.4893770011564658,11.39433262368866,227.0819659718189
4.104519636931077,15.156241966293612,227.0824921901472
2.216390108757212,10.464133537239002,227.65254428622174
2.061968198773749,10.09176860795113,227.93704262234968
2.0789495907171833,9.962898771224632,228.28521948162398
2.4841409857013486,11.334414283520426,231.7402629776177
2.9559469340139835,12.274436902882563,231.76389643751287
2.8880298643259033,12.868575331540224,232.014835652801
2.38236317717934,11.21347585900597,232.44451912882238
3.1764265577239508,12.858854251014927,232.49135459190518
3.4218624547316083,13.48024062740025,232.64123112863524
3.0952809869916846,12.896992063099924,233.02075543790522
3.335937934757379,13.543952780702972,233.3104608256012
3.7652545807139135,14.346553138859441,233.4372948698208
2.783557439746084,12.52294752081498,233.5547620024971
2.9287601417633655,12.423288007358693,233.70169653180406
2.228840234636915,10.658199867483408,233.79925593187752
3.6744794295666807,14.44182941099847,234.2129738629606
4.242975940628922,15.475243878608998,234.49344845864843
3.247868690675119,13.577338036205177,235.1384897397034
2.8222037897156698,12.09169970752234,235.66433397579573
3.0682076945834083,13.051989797683802,236.0237222986294
2.730461251087138,12.335426239887639,236.41343319734472
2.280516678664121,10.616755941257694,236.50706487202257
2.9536833851598785,12.713246222634426,238.0221959750121
2.5191536938650905,11.391086242080002,238.21951856094216
2.085571225413276,10.101884697683447,238.9173053153542
2.767133691392061,11.915685969214449,239.14927791134747
2.455982597864137,11.382760813689996,240.18721093383644
2.7255361843882024,12.25634484700438,240.7290703088477
2.8944334664920626,12.516024900100659,241.34809374940815
2.7126902914670348,11.732406357158961,242.62316201899995
2.220597828019308,10.561440119382095,242.64757537462035
4.468692816830095,,242.8504310158223
4.033856786346893,14.804324085332025,243.35005680792554
3.7239330878188253,14.101684631648848,244.3526756287939
3.6425257536799704,14.174088359681624,244.39176342215234
2.5537486979667436,11.453989636005485,244.74732892736577
3.448083390159788,13.43682786804463,244.8709615585241
2.3685774155514188,11.05120055555666,245.62347210725156
3.4316666189134675,13.657565643869205,246.00373800116543
2.886430770989267,12.42993768175474,246.13499040282255
2.7667289046187253,12.336625264109095,246.54359560236597
2.383242239143566,10.87943095058833,247.22676736428681
3.2962295349805757,13.269267113253514,248.65699694217437
3.4767239603480937,14.011522588497744,249.26865153943143
2.5745265999521134,11.689764081071226,249.50625701444653
2.9268764764845114,12.495981714728533,252.42458773145978
3.2239336320202105,13.06854085178835,252.55427954658052
3.3995338999686555,13.803890290406757,252.9787282035819
2.6304810888977332,11.605289511112199,253.00000435611818
2.8571836908067914,12.521402778976185,253.80593157700244
4.404481617325617,15.459105779584958,253.96218061548188
4.055415648235992,14.743210440161848,255.53278949006892
2.2797174091869534,10.659081236246376,255.63172115030878
2.2053624174610515,10.397853262132163,256.3675517264754
3.1547553914223343,12.850425463644287,256.44882097875484
2.3955923537882984,11.044258364372043,256.51473940307756
3.386359542004153,13.687050632502345,257.88721485451003
2.561567101174342,11.558874260419737,258.64172191870466
2.9677328815806687,12.570035134379733,258.76804885823697
3.8848372842009486,14.603514744304173,259.23046485596575
2.745935653025808,12.109969996908884,260.14329991572464
3.0025124427557235,12.8674302686153,262.37468779005513
2.754103962878835,11.89282371529254,262.8051515712746
3.7900309554038447,14.38634216307752,263.4869619090125
3.433619928914931,13.762827719657812,264.03365551111125
3.0596450526275185,12.716629534820466,266.5406044381796
3.6994301225096455,14.09691039413559,267.74689990664547
3.4802473230905684,13.790962663868719,270.2377648059683
2.7754569425744244,12.099262722470247,270.9987230479811
2.6318452863223047,11.669833040243365,271.2320866582541
2.9827598101972157,12.675864629171981,271.7815270631183
3.214085520039309,13.317989584293755,272.0387985535499
2.539491215928185,11.367587021988788,272.7982935210663
3.2090977496744153,13.040185748412078,275.60285071692823
3.591718328292204,13.994799359411129,277.6217341594878
3.2454830408947757,13.272990799823122,282.8901224378622
3.0641320085549015,12.807507132050763,284.07163882973884
3.7733561656199752,14.337840405040897,286.0714895362908
2.9478305077023697,12.453734099001602,286.3463158908444
3.453556680119045,13.690071863914572,297.4751229373859
